Year,Country of origin,Country of origin (ISO),Country of asylum,Country of asylum (ISO),Female 0 - 4,Female 5 - 11,Female 12 - 17,Female 18 - 59,Female 60,Female other,Female total,Male 0 - 4,Male 5 - 11,Male 12 - 17,Male 18 - 59,Male 60,Male other,Male total,Total
2015,Afghanistan,AFG,Canada,CAN,11,22,10,93,7,0,143,8,17,18,165,10,0,218,3258
2015,Albania,ALB,Canada,CAN,0,5,5,33,0,0,43,6,0,5,73,0,0,84,1378
2015,Algeria,DZA,Canada,CAN,0,0,0,6,5,0,11,0,0,0,13,0,0,13,400
2015,Angola,AGO,Canada,CAN,0,0,0,0,0,0,0,0,0,0,9,0,0,9,235
2015,Antigua and Barbuda,ATG,Canada,CAN,0,0,0,0,0,0,0,0,0,0,7,0,0,7,58
2015,Egypt,EGY,Canada,CAN,0,9,6,19,9,0,43,0,0,9,39,5,0,53,853
2015,Argentina,ARG,Canada,CAN,0,6,0,0,0,0,6,0,0,0,0,0,0,0,91
2015,Armenia,ARM,Canada,CAN,0,0,0,0,0,0,0,0,0,0,0,0,0,0,180
2015,Australia,AUS,Canada,CAN,0,0,0,0,0,0,0,0,0,0,0,0,0,0,6
2015,Azerbaijan,AZE,Canada,CAN,0,0,0,5,0,0,5,0,0,0,15,0,0,15,311
2015,Bahrain,BHR,Canada,CAN,0,0,0,0,0,0,0,0,0,7,0,0,0,7,22
2015,Barbados,BRB,Canada,CAN,0,0,0,5,0,0,5,0,0,0,11,0,0,11,111
2015,Burundi,BDI,Canada,CAN,5,24,18,55,5,0,107,5,7,13,43,5,0,73,2260
2015,Belgium,BEL,Canada,CAN,0,0,7,0,0,0,7,0,0,5,0,0,0,5,28
2015,Benin,BEN,Canada,CAN,0,0,0,0,0,0,0,0,0,0,5,0,0,5,56
2015,Bangladesh,BGD,Canada,CAN,5,9,8,40,5,0,67,5,9,5,91,6,0,116,1316
2015,Bahamas,BHS,Canada,CAN,0,0,0,15,0,0,15,0,7,0,20,0,0,27,78
2015,Bhutan,BTN,Canada,CAN,0,0,0,0,0,0,0,0,0,0,0,0,0,0,22
2015,Burkina Faso,BFA,Canada,CAN,0,0,0,5,0,0,5,0,0,0,5,0,0,5,134
2015,Belarus,BLR,Canada,CAN,0,0,0,5,0,0,5,0,0,0,0,0,0,0,187
2015,Bolivia (Plurinational State of),BOL,Canada,CAN,0,0,0,5,0,0,5,0,0,0,0,0,0,0,110
2015,Botswana,BWA,Canada,CAN,0,0,0,0,0,0,0,0,0,0,0,0,0,0,284
2015,Brazil,BRA,Canada,CAN,0,0,0,9,0,0,9,5,0,0,16,0,0,21,154
2015,Bosnia and Herzegovina,BIH,Canada,CAN,0,0,0,0,0,0,0,0,0,0,0,0,0,0,64
2015,Bulgaria,BGR,Canada,CAN,0,0,0,5,0,0,5,0,0,0,0,0,0,0,437
2015,Belize,BLZ,Canada,CAN,0,0,0,0,0,0,0,0,0,0,0,0,0,0,10
2015,Cambodia,KHM,Canada,CAN,0,0,0,0,0,0,0,0,0,0,0,0,0,0,153
2015,Central African Rep.,CAF,Canada,CAN,0,0,0,0,0,0,0,0,0,0,6,0,0,6,59
2015,Chad,TCD,Canada,CAN,0,5,0,9,0,0,14,0,0,0,48,0,0,48,482
2015,China,CHN,Canada,CAN,20,28,18,396,9,0,471,16,30,29,430,11,0,516,12483
2015,Chile,CHL,Canada,CAN,0,0,0,7,0,0,7,0,0,0,6,0,0,6,120
2015,Cameroon,CMR,Canada,CAN,0,0,0,48,0,0,48,0,0,0,58,0,0,58,1229
2015,Congo,COG,Canada,CAN,0,0,6,17,5,0,28,0,0,0,26,0,0,26,261
2015,Dem. Rep. of the Congo,COD,Canada,CAN,5,7,5,72,0,0,89,5,6,0,61,5,0,77,3535
2015,Comoros,COM,Canada,CAN,0,0,0,0,0,0,0,0,0,0,0,0,0,0,5
2015,Colombia,COL,Canada,CAN,12,23,22,141,14,0,212,19,16,23,149,5,0,212,14123
2015,Costa Rica,CRI,Canada,CAN,0,0,0,0,0,0,0,0,0,0,0,0,0,0,190
2015,Cuba,CUB,Canada,CAN,0,0,0,13,0,0,13,0,0,0,30,0,0,30,1560
2015,Czechia,CZE,Canada,CAN,0,12,5,25,0,0,42,8,5,5,23,0,0,41,342
2015,Denmark,DNK,Canada,CAN,0,0,0,0,0,0,0,0,0,0,0,0,0,0,6
2015,Djibouti,DJI,Canada,CAN,0,9,0,16,0,0,25,0,8,0,12,0,0,20,395
2015,Dominica,DMA,Canada,CAN,0,0,0,0,0,0,0,0,0,0,0,0,0,0,18
2015,Dominican Rep.,DOM,Canada,CAN,0,0,0,0,0,0,0,0,0,0,0,0,0,0,188
2015,Ecuador,ECU,Canada,CAN,0,0,0,5,0,0,5,0,0,0,0,0,0,0,181
2015,Equatorial Guinea,GNQ,Canada,CAN,0,0,0,0,0,0,0,0,0,0,0,0,0,0,8
2015,Eritrea,ERI,Canada,CAN,5,5,6,47,8,0,71,11,5,6,39,7,0,68,1960
2015,Estonia,EST,Canada,CAN,0,0,0,0,0,0,0,0,0,0,0,0,0,0,10
2015,Ethiopia,ETH,Canada,CAN,7,7,0,56,0,0,70,5,6,0,111,0,0,122,2253
2015,Fiji,FJI,Canada,CAN,0,0,0,0,0,0,0,0,0,0,0,0,0,0,127
2015,Finland,FIN,Canada,CAN,0,0,0,0,0,0,0,0,0,0,0,0,0,0,5
2015,France,FRA,Canada,CAN,0,0,0,0,0,0,0,0,0,0,9,0,0,9,51
2015,Gabon,GAB,Canada,CAN,0,0,0,0,0,0,0,0,0,0,0,0,0,0,47
2015,Gambia,GMB,Canada,CAN,0,0,0,7,0,0,7,0,0,0,9,0,0,9,98
2015,Palestinian,PSE,Canada,CAN,6,8,5,27,0,0,46,0,10,6,28,0,0,44,630
2015,United Kingdom of Great Britain and Northern Ireland,GBR,Canada,CAN,0,0,0,0,0,0,0,0,0,0,0,0,0,0,60
2015,Georgia,GEO,Canada,CAN,0,0,0,22,0,0,22,0,0,0,71,0,0,71,547
2015,Germany,DEU,Canada,CAN,0,0,0,0,0,0,0,0,0,0,0,0,0,0,81
2015,Ghana,GHA,Canada,CAN,0,0,0,12,0,0,12,0,0,0,49,0,0,49,380
2015,Guinea-Bissau,GNB,Canada,CAN,0,0,0,0,0,0,0,0,0,0,0,0,0,0,21
2015,Greece,GRC,Canada,CAN,0,0,0,0,0,0,0,0,5,0,0,0,0,5,34
2015,Grenada,GRD,Canada,CAN,0,0,0,0,0,0,0,5,0,0,0,0,0,5,244
2015,Guatemala,GTM,Canada,CAN,0,0,6,9,0,0,15,0,0,6,12,0,0,18,973
2015,Guinea,GIN,Canada,CAN,0,0,0,10,0,0,10,0,0,0,12,0,0,12,680
2015,Guyana,GUY,Canada,CAN,0,0,0,9,0,0,9,0,8,0,6,0,0,14,422
2015,Haiti,HTI,Canada,CAN,0,5,5,56,5,0,71,6,11,0,61,0,0,78,9012
2015,"China, Hong Kong SAR",HKG,Canada,CAN,0,0,0,0,0,0,0,0,5,0,0,0,0,5,33
2015,Honduras,HND,Canada,CAN,0,11,6,17,0,0,34,0,5,0,32,0,0,37,969
2015,Croatia,HRV,Canada,CAN,0,0,0,9,0,0,9,0,0,5,5,0,0,10,115
2015,Hungary,HUN,Canada,CAN,28,37,36,159,7,0,267,26,32,37,166,7,0,268,1570
2015,Cote d'Ivoire,CIV,Canada,CAN,0,0,0,7,0,0,7,0,0,0,11,0,0,11,421
2015,India,IND,Canada,CAN,5,7,0,78,6,0,96,5,0,11,149,6,0,171,4050
2015,Indonesia,IDN,Canada,CAN,0,0,0,7,0,0,7,0,0,0,0,0,0,0,321
2015,Ireland,IRL,Canada,CAN,0,6,0,0,0,0,6,0,0,0,0,0,0,0,11
2015,Iran (Islamic Rep. of),IRN,Canada,CAN,0,0,5,29,0,0,34,0,0,5,53,8,0,66,2746
2015,Iraq,IRQ,Canada,CAN,12,10,8,84,26,0,140,14,23,8,135,26,0,206,2243
2015,Israel,ISR,Canada,CAN,0,0,0,5,0,0,5,0,0,0,8,0,0,8,513
2015,Italy,ITA,Canada,CAN,0,0,6,9,0,0,15,0,0,6,5,0,0,11,60
2015,Jamaica,JAM,Canada,CAN,0,0,7,49,0,0,56,6,7,0,32,0,0,45,933
2015,Jordan,JOR,Canada,CAN,0,5,5,18,0,0,28,7,0,0,23,0,0,30,447
2015,Japan,JPN,Canada,CAN,0,0,0,0,0,0,0,0,5,0,0,0,0,5,28
2015,Kazakhstan,KAZ,Canada,CAN,0,0,0,8,0,0,8,5,0,0,0,0,0,5,127
2015,Kenya,KEN,Canada,CAN,0,5,0,14,0,0,19,6,0,0,16,0,0,22,856
2015,Kyrgyzstan,KGZ,Canada,CAN,0,0,0,6,0,0,6,0,0,0,11,0,0,11,104
2015,Rep. of Korea,KOR,Canada,CAN,0,0,0,6,0,0,6,0,0,0,5,0,0,5,185
2015,Dem. People's Rep. of Korea,PRK,Canada,CAN,0,0,0,0,0,0,0,0,0,0,0,0,0,0,126
2015,Kuwait,KWT,Canada,CAN,0,0,0,0,0,0,0,0,0,0,0,0,0,0,38
2015,Lao People's Dem. Rep.,LAO,Canada,CAN,0,0,0,0,0,0,0,0,0,0,0,0,0,0,5
2015,Liberia,LBR,Canada,CAN,0,0,0,0,0,0,0,0,0,0,5,0,0,5,144
2015,Libya,LBY,Canada,CAN,18,31,5,47,0,0,101,11,23,12,88,0,0,134,485
2015,Saint Lucia,LCA,Canada,CAN,0,0,0,5,0,0,5,0,0,0,7,0,0,7,1009
2015,Lebanon,LBN,Canada,CAN,0,6,6,33,5,0,50,0,10,5,46,0,0,61,993
2015,Lesotho,LSO,Canada,CAN,0,0,0,0,0,0,0,0,0,0,0,0,0,0,6
2015,Sri Lanka,LKA,Canada,CAN,0,6,0,22,5,0,33,0,6,0,112,0,0,118,8966
2015,Lithuania,LTU,Canada,CAN,0,0,0,0,0,0,0,0,0,0,0,0,0,0,62
2015,Latvia,LVA,Canada,CAN,0,0,0,0,0,0,0,0,0,0,0,0,0,0,62
2015,Madagascar,MDG,Canada,CAN,0,0,0,0,0,0,0,0,0,0,0,0,0,0,16
2015,Mauritania,MRT,Canada,CAN,0,0,0,5,0,0,5,0,8,0,14,0,0,22,281
2015,North Macedonia,MKD,Canada,CAN,0,0,0,0,0,0,0,0,0,0,0,0,0,0,92
2015,Rep. of Moldova,MDA,Canada,CAN,0,0,0,5,0,0,5,0,0,0,0,0,0,0,184
2015,Mexico,MEX,Canada,CAN,0,7,0,14,0,0,21,5,5,0,14,0,0,24,6471
2015,Mali,MLI,Canada,CAN,0,0,0,13,0,0,13,0,0,5,46,0,0,51,158
2015,Malaysia,MYS,Canada,CAN,0,0,0,0,0,0,0,0,0,0,0,0,0,0,91
2015,Malawi,MWI,Canada,CAN,0,0,0,0,0,0,0,0,0,0,0,0,0,0,29
2015,Montenegro,MNE,Canada,CAN,0,0,0,5,0,0,5,0,0,0,0,0,0,0,26
2015,Mongolia,MNG,Canada,CAN,0,0,0,9,0,0,9,0,0,0,9,0,0,9,149
2015,Morocco,MAR,Canada,CAN,0,0,0,7,0,0,7,0,0,5,5,0,0,10,192
2015,Mozambique,MOZ,Canada,CAN,0,0,0,0,0,0,0,0,0,0,0,0,0,0,6
2015,Mauritius,MUS,Canada,CAN,0,0,0,0,0,0,0,0,0,0,5,0,0,5,10
2015,Myanmar,MMR,Canada,CAN,5,0,0,0,0,0,5,0,0,0,0,0,0,0,228
2015,Namibia,NAM,Canada,CAN,0,0,0,0,0,0,0,0,0,0,0,0,0,0,282
2015,Nepal,NPL,Canada,CAN,0,0,0,17,0,0,17,0,5,0,52,0,0,57,1378
2015,Netherlands (Kingdom of the),NLD,Canada,CAN,0,0,0,0,0,0,0,0,0,0,0,0,0,0,44
2015,Niger,NER,Canada,CAN,0,0,0,0,0,0,0,0,0,0,5,0,0,5,90
2015,Nicaragua,NIC,Canada,CAN,0,0,0,5,0,0,5,0,0,0,0,0,0,0,147
2015,Nigeria,NGA,Canada,CAN,36,49,11,190,0,0,286,34,37,17,181,0,0,269,5125
2015,Norway,NOR,Canada,CAN,0,5,0,0,0,0,5,0,0,0,0,0,0,0,5
2015,Oman,OMN,Canada,CAN,0,0,0,0,0,0,0,0,0,0,0,0,0,0,13
2015,Pakistan,PAK,Canada,CAN,15,25,26,130,27,0,223,19,39,25,176,21,0,280,7753
2015,Panama,PAN,Canada,CAN,0,0,5,0,0,0,5,0,0,0,0,0,0,0,49
2015,Paraguay,PRY,Canada,CAN,0,0,0,0,0,0,0,0,0,0,0,0,0,0,42
2015,Peru,PER,Canada,CAN,0,9,0,0,0,0,9,0,0,0,9,0,0,9,1107
2015,Philippines,PHL,Canada,CAN,0,0,0,5,0,0,5,0,0,0,5,0,0,5,292
2015,Poland,POL,Canada,CAN,0,0,0,6,0,0,6,0,0,0,6,0,0,6,192
2015,Portugal,PRT,Canada,CAN,8,0,0,0,0,0,8,0,0,0,0,0,0,0,17
2015,Qatar,QAT,Canada,CAN,0,0,0,0,0,0,0,0,0,0,0,0,0,0,6
2015,Romania,ROU,Canada,CAN,0,0,0,0,0,0,0,0,0,0,5,0,0,5,339
2015,South Africa,ZAF,Canada,CAN,0,0,0,7,0,0,7,0,0,0,8,0,0,8,73
2015,Russian Federation,RUS,Canada,CAN,0,7,0,32,0,0,39,0,6,0,21,0,0,27,1244
2015,Rwanda,RWA,Canada,CAN,0,5,0,16,0,0,21,0,0,5,13,0,0,18,1667
2015,El Salvador,SLV,Canada,CAN,5,5,7,31,5,0,53,5,5,10,33,0,0,53,1509
2015,Saudi Arabia,SAU,Canada,CAN,0,0,5,8,0,0,13,0,5,0,9,0,0,14,128
2015,Senegal,SEN,Canada,CAN,0,0,0,6,0,0,6,0,0,0,16,0,0,16,268
2015,Seychelles,SYC,Canada,CAN,0,5,0,0,0,0,5,0,0,0,0,0,0,0,14
2015,Singapore,SGP,Canada,CAN,0,0,0,5,0,0,5,0,0,0,0,0,0,0,32
2015,Sierra Leone,SLE,Canada,CAN,0,0,0,8,0,0,8,0,0,0,0,0,0,0,129
2015,Solomon Islands,SLB,Canada,CAN,0,0,0,0,0,0,0,0,0,0,0,0,0,0,39
2015,Somalia,SOM,Canada,CAN,15,6,8,44,0,0,73,13,7,5,258,5,0,288,2944
2015,Spain,ESP,Canada,CAN,0,0,0,0,0,0,0,0,0,0,7,0,0,7,32
2015,Serbia and Kosovo: S/RES/1244 (1999),SRB,Canada,CAN,0,0,5,6,0,0,11,0,0,5,14,0,0,19,435
2015,Viet Nam,VNM,Canada,CAN,0,5,0,0,0,0,5,0,0,0,0,0,0,0,119
2015,Stateless,XXA,Canada,CAN,8,0,0,37,9,0,54,0,7,7,43,5,0,62,1627
2015,Saint Kitts and Nevis,KNA,Canada,CAN,0,0,0,0,0,0,0,0,5,0,0,0,0,5,25
2015,Sudan,SDN,Canada,CAN,0,5,0,16,0,0,21,0,5,9,21,0,0,35,570
2015,Suriname,SUR,Canada,CAN,0,0,0,0,0,0,0,0,0,0,0,0,0,0,8
2015,Slovakia,SVK,Canada,CAN,41,33,22,133,0,0,229,36,49,30,139,0,0,254,565
2015,Slovenia,SVN,Canada,CAN,0,0,0,0,0,0,0,0,0,0,0,0,0,0,9
2015,Eswatini,SWZ,Canada,CAN,0,0,0,0,0,0,0,0,0,0,0,0,0,0,134
2015,Sweden,SWE,Canada,CAN,0,0,0,0,0,0,0,0,0,0,5,0,0,5,10
2015,Switzerland,CHE,Canada,CAN,0,0,0,0,0,0,0,0,0,0,0,0,0,0,11
2015,Syrian Arab Rep.,SYR,Canada,CAN,7,9,9,60,27,0,112,9,11,10,65,20,0,115,1748
2015,United Rep. of Tanzania,TZA,Canada,CAN,0,0,5,6,0,0,11,0,0,0,12,0,0,12,280
2015,Thailand,THA,Canada,CAN,0,0,0,9,0,0,9,0,0,0,0,0,0,0,42
2015,Tibetan,TIB,Canada,CAN,0,0,0,0,0,0,0,0,0,0,0,0,0,0,58
2015,Tajikistan,TJK,Canada,CAN,0,0,0,0,0,0,0,0,0,0,5,0,0,5,58
2015,Turkmenistan,TKM,Canada,CAN,0,0,0,0,0,0,0,0,0,0,0,0,0,0,18
2015,Togo,TGO,Canada,CAN,0,0,0,7,0,0,7,0,0,0,10,0,0,10,205
2015,Trinidad and Tobago,TTO,Canada,CAN,0,0,5,0,0,0,5,0,0,0,6,0,0,6,254
2015,Tunisia,TUN,Canada,CAN,0,0,5,7,0,0,12,0,0,0,9,0,0,9,225
2015,T端rkiye,TUR,Canada,CAN,5,8,6,52,0,0,71,6,7,5,142,0,0,160,2239
2015,United Arab Emirates,ARE,Canada,CAN,0,0,5,0,0,0,5,0,0,0,0,0,0,0,34
2015,Uganda,UGA,Canada,CAN,0,0,0,28,0,0,28,0,0,0,20,0,0,20,767
2015,Unknown ,UNK,Canada,CAN,459,342,237,2039,128,0,3205,511,354,267,2988,63,0,4183,8494
2015,Ukraine,UKR,Canada,CAN,5,9,5,76,6,0,101,5,8,5,93,5,0,116,1550
2015,Uruguay,URY,Canada,CAN,0,0,0,0,0,0,0,0,0,0,0,0,0,0,73
2015,United States of America,USA,Canada,CAN,24,7,5,0,5,0,41,21,10,6,7,0,0,44,4664
2015,Uzbekistan,UZB,Canada,CAN,0,0,0,5,0,0,5,0,0,0,17,0,0,17,298
2015,Saint Vincent and the Grenadines,VCT,Canada,CAN,0,0,0,12,0,0,12,0,0,0,15,0,0,15,1810
2015,Venezuela (Bolivarian Republic of),VEN,Canada,CAN,10,14,5,55,0,0,84,7,18,0,48,0,0,73,902
2015,Yemen,YEM,Canada,CAN,0,0,6,12,0,0,18,0,5,0,56,0,0,61,294
2015,Zambia,ZMB,Canada,CAN,0,0,0,0,0,0,0,0,0,0,0,0,0,0,48
2015,Zimbabwe,ZWE,Canada,CAN,0,0,7,17,0,0,24,0,0,0,18,0,0,18,2410
2016,Afghanistan,AFG,Canada,CAN,16,49,15,207,14,0,301,20,50,29,420,19,0,538,3633
2016,Albania,ALB,Canada,CAN,0,0,5,31,0,0,36,0,0,5,103,0,0,108,1074
2016,Algeria,DZA,Canada,CAN,0,0,0,17,0,0,17,0,0,0,36,0,0,36,430
2016,Angola,AGO,Canada,CAN,0,0,0,6,0,0,6,0,0,0,24,0,0,24,127
2016,Antigua and Barbuda,ATG,Canada,CAN,0,0,0,8,0,0,8,0,0,0,9,0,0,9,97
2016,Egypt,EGY,Canada,CAN,0,5,8,62,30,0,105,0,8,6,125,18,0,157,1399
2016,Argentina,ARG,Canada,CAN,0,0,0,0,0,0,0,0,0,0,0,0,0,0,34
2016,Armenia,ARM,Canada,CAN,0,0,0,0,0,0,0,0,0,5,0,0,0,5,97
2016,Australia,AUS,Canada,CAN,0,0,0,0,0,0,0,0,0,0,0,0,0,0,5
2016,Austria,AUT,Canada,CAN,0,0,0,0,0,0,0,0,0,0,0,0,0,0,5
2016,Azerbaijan,AZE,Canada,CAN,0,0,0,20,5,0,25,0,0,0,127,0,0,127,334
2016,Bahrain,BHR,Canada,CAN,0,0,0,0,0,0,0,0,0,0,5,0,0,5,47
2016,Barbados,BRB,Canada,CAN,0,0,0,17,0,0,17,0,0,0,18,0,0,18,176
2016,Burundi,BDI,Canada,CAN,0,24,11,224,22,0,281,0,10,23,178,18,0,229,2133
2016,Belgium,BEL,Canada,CAN,0,0,0,5,0,0,5,0,0,0,0,0,0,0,12
2016,Benin,BEN,Canada,CAN,0,0,0,11,0,0,11,0,0,0,13,0,0,13,60
2016,Bangladesh,BGD,Canada,CAN,0,0,0,51,0,0,51,0,0,0,162,12,0,174,1089
2016,Bahamas,BHS,Canada,CAN,0,0,0,31,0,0,31,0,0,0,44,0,0,44,178
2016,Bhutan,BTN,Canada,CAN,0,0,0,0,0,0,0,0,0,0,0,0,0,0,8
2016,Burkina Faso,BFA,Canada,CAN,0,5,0,16,0,0,21,0,0,0,9,0,0,9,101
2016,Belarus,BLR,Canada,CAN,0,0,0,10,0,0,10,0,0,0,0,0,0,0,110
2016,Bolivia (Plurinational State of),BOL,Canada,CAN,0,0,0,5,0,0,5,0,0,0,0,0,0,0,64
2016,Botswana,BWA,Canada,CAN,0,6,0,0,0,0,6,0,0,0,6,0,0,6,294
2016,Brazil,BRA,Canada,CAN,0,0,0,6,0,0,6,0,0,0,22,0,0,22,112
2016,Bosnia and Herzegovina,BIH,Canada,CAN,0,0,0,0,0,0,0,0,0,0,0,0,0,0,45
2016,Bulgaria,BGR,Canada,CAN,0,0,0,0,0,0,0,0,0,0,0,0,0,0,158
2016,Belize,BLZ,Canada,CAN,0,0,0,0,0,0,0,0,0,0,5,0,0,5,18
2016,Cambodia,KHM,Canada,CAN,0,0,0,0,0,0,0,0,0,0,13,0,0,13,88
2016,Central African Rep.,CAF,Canada,CAN,0,0,5,5,0,0,10,0,0,5,5,0,0,10,69
2016,Chad,TCD,Canada,CAN,0,8,0,24,0,0,32,0,0,5,118,0,0,123,442
2016,China,CHN,Canada,CAN,8,52,21,589,22,0,692,10,40,23,614,18,0,705,9466
2016,Chile,CHL,Canada,CAN,0,0,0,8,0,0,8,0,0,0,6,0,0,6,85
2016,Cameroon,CMR,Canada,CAN,5,10,7,121,0,0,143,5,16,9,137,0,0,167,1114
2016,Congo,COG,Canada,CAN,0,0,8,49,5,0,62,0,5,6,39,5,0,55,294
2016,Dem. Rep. of the Congo,COD,Canada,CAN,0,25,26,176,10,0,237,5,16,24,188,10,0,243,2162
2016,Colombia,COL,Canada,CAN,0,0,8,175,5,0,188,0,0,11,218,0,0,229,9185
2016,Costa Rica,CRI,Canada,CAN,0,0,0,0,0,0,0,0,0,0,0,0,0,0,25
2016,Cuba,CUB,Canada,CAN,0,0,7,45,0,0,52,0,6,5,50,0,0,61,941
2016,Czechia,CZE,Canada,CAN,0,5,0,19,0,0,24,0,0,0,41,0,0,41,575
2016,Djibouti,DJI,Canada,CAN,0,0,6,72,0,0,78,0,5,9,87,0,0,101,746
2016,Dominica,DMA,Canada,CAN,0,0,0,0,0,0,0,0,0,0,0,0,0,0,11
2016,Dominican Rep.,DOM,Canada,CAN,0,0,0,17,0,0,17,0,0,5,15,0,0,20,139
2016,Ecuador,ECU,Canada,CAN,0,0,8,7,0,0,15,0,0,0,0,0,0,0,89
2016,Equatorial Guinea,GNQ,Canada,CAN,0,0,0,0,0,0,0,0,0,0,0,0,0,0,19
2016,Eritrea,ERI,Canada,CAN,0,0,11,180,32,0,223,0,7,0,288,31,0,326,2416
2016,Estonia,EST,Canada,CAN,0,0,0,0,0,0,0,0,0,0,0,0,0,0,7
2016,Ethiopia,ETH,Canada,CAN,9,13,11,139,10,0,182,6,12,11,252,5,0,286,1785
2016,Fiji,FJI,Canada,CAN,0,0,0,0,0,0,0,0,0,0,0,0,0,0,68
2016,Finland,FIN,Canada,CAN,0,0,0,0,0,0,0,0,0,0,0,0,0,0,5
2016,France,FRA,Canada,CAN,0,0,0,0,0,0,0,0,0,0,8,0,0,8,20
2016,Gabon,GAB,Canada,CAN,0,0,0,12,0,0,12,0,0,0,0,0,0,0,35
2016,Gambia,GMB,Canada,CAN,0,0,0,12,0,0,12,0,0,0,29,0,0,29,114
2016,Palestinian,PSE,Canada,CAN,0,0,0,56,0,0,56,0,0,5,123,8,0,136,810
2016,United Kingdom of Great Britain and Northern Ireland,GBR,Canada,CAN,0,0,0,0,0,0,0,0,0,0,0,0,0,0,11
2016,Georgia,GEO,Canada,CAN,0,0,5,36,0,0,41,0,6,0,114,0,0,120,462
2016,Germany,DEU,Canada,CAN,0,0,0,0,0,0,0,0,0,0,0,0,0,0,18
2016,Ghana,GHA,Canada,CAN,0,0,0,27,0,0,27,0,0,0,101,0,0,101,389
2016,Guinea-Bissau,GNB,Canada,CAN,0,0,0,0,0,0,0,0,0,0,0,0,0,0,9
2016,Greece,GRC,Canada,CAN,0,0,0,0,0,0,0,0,0,0,0,0,0,0,32
2016,Grenada,GRD,Canada,CAN,0,0,0,7,0,0,7,0,0,0,0,0,0,0,80
2016,Guatemala,GTM,Canada,CAN,0,0,0,16,0,0,16,0,0,5,20,0,0,25,652
2016,Guinea,GIN,Canada,CAN,0,0,5,44,0,0,49,0,0,0,38,0,0,38,484
2016,Guyana,GUY,Canada,CAN,0,0,0,6,0,0,6,0,0,0,7,0,0,7,215
2016,Haiti,HTI,Canada,CAN,0,11,17,195,14,0,237,0,11,19,232,14,0,276,7161
2016,"China, Hong Kong SAR",HKG,Canada,CAN,0,0,0,0,0,0,0,0,0,0,0,0,0,0,26
2016,Honduras,HND,Canada,CAN,0,0,7,27,0,0,34,0,0,7,56,0,0,63,996
2016,Croatia,HRV,Canada,CAN,0,0,0,0,0,0,0,0,0,0,10,0,0,10,445
2016,Hungary,HUN,Canada,CAN,11,0,0,128,5,0,144,12,0,10,248,9,0,279,3975
2016,Cote d'Ivoire,CIV,Canada,CAN,0,0,5,16,0,0,21,0,5,0,28,0,0,33,281
2016,India,IND,Canada,CAN,0,7,0,95,5,0,107,0,0,8,285,5,0,298,1741
2016,Indonesia,IDN,Canada,CAN,0,0,0,8,0,0,8,0,0,0,6,0,0,6,151
2016,Ireland,IRL,Canada,CAN,0,0,0,0,0,0,0,0,0,0,0,0,0,0,6
2016,Iran (Islamic Rep. of),IRN,Canada,CAN,0,0,5,99,0,0,104,0,0,5,137,14,0,156,2274
2016,Iraq,IRQ,Canada,CAN,0,6,10,125,40,0,181,0,8,10,392,58,0,468,3099
2016,Israel,ISR,Canada,CAN,0,0,0,5,0,0,5,0,0,0,18,0,0,18,277
2016,Italy,ITA,Canada,CAN,0,0,0,9,0,0,9,0,0,0,0,0,0,0,19
2016,Jamaica,JAM,Canada,CAN,0,7,0,61,0,0,68,0,5,0,71,0,0,76,1012
2016,Jordan,JOR,Canada,CAN,0,6,0,27,0,0,33,0,0,5,51,0,0,56,401
2016,Japan,JPN,Canada,CAN,0,0,0,0,0,0,0,0,0,0,0,0,0,0,7
2016,Kazakhstan,KAZ,Canada,CAN,0,0,0,9,7,0,16,0,0,0,0,0,0,0,165
2016,Kenya,KEN,Canada,CAN,0,0,5,36,0,0,41,0,9,0,34,0,0,43,535
2016,Kyrgyzstan,KGZ,Canada,CAN,0,0,0,13,0,0,13,0,0,0,7,0,0,7,80
2016,Rep. of Korea,KOR,Canada,CAN,0,0,0,6,0,0,6,0,0,0,6,0,0,6,124
2016,Dem. People's Rep. of Korea,PRK,Canada,CAN,0,0,0,0,0,0,0,0,0,0,0,0,0,0,798
2016,Kuwait,KWT,Canada,CAN,0,0,0,0,0,0,0,0,0,0,0,0,0,0,88
2016,Lao People's Dem. Rep.,LAO,Canada,CAN,0,0,0,0,0,0,0,0,0,0,0,0,0,0,5
2016,Liberia,LBR,Canada,CAN,0,0,0,13,0,0,13,0,0,0,5,0,0,5,95
2016,Libya,LBY,Canada,CAN,0,0,0,19,0,0,19,0,0,0,178,0,0,178,1141
2016,Saint Lucia,LCA,Canada,CAN,0,0,9,7,0,0,16,0,0,6,23,0,0,29,1136
2016,Lebanon,LBN,Canada,CAN,0,0,0,56,0,0,56,0,0,0,103,0,0,103,1037
2016,Sri Lanka,LKA,Canada,CAN,5,6,10,64,10,0,95,0,13,7,198,5,0,223,5436
2016,Lithuania,LTU,Canada,CAN,0,0,0,0,0,0,0,0,0,0,0,0,0,0,36
2016,Latvia,LVA,Canada,CAN,0,0,0,0,0,0,0,0,0,0,0,0,0,0,85
2016,Madagascar,MDG,Canada,CAN,0,0,0,0,0,0,0,0,0,0,5,0,0,5,21
2016,Mauritania,MRT,Canada,CAN,0,0,0,7,0,0,7,0,0,0,46,0,0,46,180
2016,North Macedonia,MKD,Canada,CAN,0,0,0,0,0,0,0,0,0,5,0,0,0,5,56
2016,Rep. of Moldova,MDA,Canada,CAN,0,0,0,5,0,0,5,0,0,0,0,0,0,0,141
2016,Mexico,MEX,Canada,CAN,0,0,5,37,0,0,42,0,0,0,82,0,0,82,4402
2016,Mali,MLI,Canada,CAN,0,0,0,23,0,0,23,0,0,0,64,0,0,64,176
2016,Malaysia,MYS,Canada,CAN,0,0,0,0,0,0,0,0,0,0,0,0,0,0,50
2016,Malawi,MWI,Canada,CAN,0,5,0,0,0,0,5,0,0,0,0,0,0,0,20
2016,Montenegro,MNE,Canada,CAN,0,0,0,0,0,0,0,0,0,0,0,0,0,0,41
2016,Mongolia,MNG,Canada,CAN,0,0,0,10,0,0,10,0,0,0,16,0,0,16,174
2016,Morocco,MAR,Canada,CAN,0,0,0,18,0,0,18,0,0,0,19,0,0,19,188
2016,Mozambique,MOZ,Canada,CAN,0,0,0,0,0,0,0,0,0,0,0,0,0,0,5
2016,Mauritius,MUS,Canada,CAN,0,0,0,5,0,0,5,0,0,0,0,0,0,0,5
2016,Myanmar,MMR,Canada,CAN,0,0,0,0,0,0,0,0,0,0,0,0,0,0,75
2016,Namibia,NAM,Canada,CAN,0,9,0,5,0,0,14,0,0,0,9,0,0,9,417
2016,Nepal,NPL,Canada,CAN,0,0,7,28,12,0,47,0,0,9,141,0,0,150,710
2016,Netherlands (Kingdom of the),NLD,Canada,CAN,0,0,0,0,0,0,0,0,0,0,0,0,0,0,5
2016,Niger,NER,Canada,CAN,0,0,0,6,0,0,6,0,0,0,0,0,0,0,61
2016,Nicaragua,NIC,Canada,CAN,0,0,0,0,0,0,0,0,0,0,0,0,0,0,87
2016,Nigeria,NGA,Canada,CAN,0,8,21,439,0,0,468,5,7,18,455,0,0,485,5594
2016,Norway,NOR,Canada,CAN,0,0,0,0,0,0,0,0,0,0,0,0,0,0,5
2016,Oman,OMN,Canada,CAN,0,0,0,0,0,0,0,0,0,0,0,0,0,0,8
2016,Pakistan,PAK,Canada,CAN,6,89,56,376,57,0,584,10,81,80,510,75,0,756,5640
2016,Panama,PAN,Canada,CAN,0,0,0,0,0,0,0,0,0,0,0,0,0,0,26
2016,Paraguay,PRY,Canada,CAN,0,0,0,0,0,0,0,0,0,0,0,0,0,0,22
2016,Peru,PER,Canada,CAN,0,0,0,11,0,0,11,0,0,0,14,0,0,14,367
2016,Philippines,PHL,Canada,CAN,0,0,0,13,5,0,18,0,0,0,8,0,0,8,145
2016,Papua New Guinea,PNG,Canada,CAN,0,0,0,0,0,0,0,0,0,0,0,0,0,0,5
2016,Poland,POL,Canada,CAN,0,0,0,0,0,0,0,0,0,0,11,0,0,11,176
2016,Portugal,PRT,Canada,CAN,0,0,0,0,0,0,0,0,0,0,6,0,0,6,19
2016,Qatar,QAT,Canada,CAN,0,0,0,0,0,0,0,0,0,0,0,0,0,0,10
2016,Romania,ROU,Canada,CAN,0,0,0,8,0,0,8,0,0,0,29,0,0,29,483
2016,South Africa,ZAF,Canada,CAN,0,0,0,6,0,0,6,0,0,0,5,0,0,5,87
2016,Russian Federation,RUS,Canada,CAN,0,0,6,47,0,0,53,0,0,0,41,0,0,41,983
2016,Rwanda,RWA,Canada,CAN,0,0,5,40,0,0,45,0,0,5,46,0,0,51,1118
2016,El Salvador,SLV,Canada,CAN,0,5,0,62,5,0,72,0,5,8,76,5,0,94,1443
2016,Saudi Arabia,SAU,Canada,CAN,0,0,0,29,0,0,29,0,0,0,37,0,0,37,341
2016,Senegal,SEN,Canada,CAN,0,0,0,20,0,0,20,0,0,0,36,0,0,36,259
2016,Seychelles,SYC,Canada,CAN,0,0,0,0,0,0,0,0,0,0,0,0,0,0,5
2016,Singapore,SGP,Canada,CAN,0,0,0,0,0,0,0,0,0,0,0,0,0,0,19
2016,Sierra Leone,SLE,Canada,CAN,0,0,0,8,0,0,8,0,0,0,0,0,0,0,86
2016,Solomon Islands,SLB,Canada,CAN,0,0,0,0,0,0,0,0,0,0,0,0,0,0,37
2016,Somalia,SOM,Canada,CAN,0,15,19,142,5,0,181,0,17,11,585,11,0,624,3472
2016,Spain,ESP,Canada,CAN,0,0,0,5,0,0,5,0,0,0,0,0,0,0,19
2016,Serbia and Kosovo: S/RES/1244 (1999),SRB,Canada,CAN,0,0,5,11,0,0,16,0,0,6,18,0,0,24,362
2016,Viet Nam,VNM,Canada,CAN,0,0,0,5,0,0,5,0,0,0,0,0,0,0,56
2016,South Sudan,SSD,Canada,CAN,0,0,0,0,0,0,0,0,0,0,5,0,0,5,12
2016,Stateless,XXA,Canada,CAN,7,0,0,27,5,0,39,0,0,9,32,8,0,49,163
2016,Saint Kitts and Nevis,KNA,Canada,CAN,0,0,0,0,0,0,0,0,0,0,0,0,0,0,47
2016,Sudan,SDN,Canada,CAN,0,5,0,57,5,0,67,0,0,10,122,5,0,137,799
2016,Suriname,SUR,Canada,CAN,0,0,0,0,0,0,0,0,0,0,0,0,0,0,8
2016,Slovakia,SVK,Canada,CAN,0,0,0,27,0,0,27,0,0,0,129,0,0,129,1125
2016,Slovenia,SVN,Canada,CAN,0,0,0,0,0,0,0,0,0,0,0,0,0,0,14
2016,Eswatini,SWZ,Canada,CAN,0,0,0,0,0,0,0,0,0,0,0,0,0,0,160
2016,Sweden,SWE,Canada,CAN,0,0,0,0,0,0,0,0,0,0,0,0,0,0,5
2016,Syrian Arab Rep.,SYR,Canada,CAN,5,14,8,130,33,0,190,6,10,20,198,40,0,274,3137
2016,United Rep. of Tanzania,TZA,Canada,CAN,0,0,0,13,0,0,13,0,0,0,33,0,0,33,183
2016,Turks and Caicos Islands,TCA,Canada,CAN,0,0,0,0,0,0,0,0,0,0,0,0,0,0,5
2016,Thailand,THA,Canada,CAN,0,0,0,0,0,0,0,0,0,0,0,0,0,0,23
2016,Tajikistan,TJK,Canada,CAN,0,0,0,0,0,0,0,0,0,0,12,0,0,12,48
2016,Turkmenistan,TKM,Canada,CAN,0,0,0,0,0,0,0,0,0,0,0,0,0,0,10
2016,Togo,TGO,Canada,CAN,0,0,0,14,0,0,14,0,0,0,28,0,0,28,126
2016,Trinidad and Tobago,TTO,Canada,CAN,0,0,0,5,0,0,5,0,0,0,5,0,0,5,169
2016,Tunisia,TUN,Canada,CAN,0,0,0,14,0,0,14,0,0,0,13,0,0,13,206
2016,T端rkiye,TUR,Canada,CAN,6,10,7,146,0,0,169,5,14,10,573,5,0,607,2607
2016,United Arab Emirates,ARE,Canada,CAN,0,0,0,0,0,0,0,0,0,0,0,0,0,0,39
2016,Uganda,UGA,Canada,CAN,0,8,0,78,0,0,86,0,10,0,46,0,0,56,577
2016,Unknown ,UNK,Canada,CAN,0,0,0,6,0,0,6,0,0,0,9,0,0,9,132
2016,Ukraine,UKR,Canada,CAN,0,5,6,107,0,0,118,0,7,6,177,0,0,190,1415
2016,Uruguay,URY,Canada,CAN,0,0,0,0,0,0,0,0,0,0,0,0,0,0,13
2016,United States of America,USA,Canada,CAN,10,8,5,11,0,0,34,5,11,7,12,0,0,35,173
2016,Uzbekistan,UZB,Canada,CAN,0,6,0,14,0,0,20,0,11,0,36,0,0,47,214
2016,Saint Vincent and the Grenadines,VCT,Canada,CAN,0,7,10,23,0,0,40,0,6,6,23,0,0,35,1402
2016,Venezuela (Bolivarian Republic of),VEN,Canada,CAN,0,0,8,94,0,0,102,0,0,0,128,11,0,139,1318
2016,Yemen,YEM,Canada,CAN,0,0,0,40,5,0,45,0,5,0,167,11,0,183,621
2016,Zambia,ZMB,Canada,CAN,0,0,0,0,0,0,0,0,0,0,0,0,0,0,32
2016,Zimbabwe,ZWE,Canada,CAN,0,0,0,68,0,0,68,0,0,0,43,5,0,48,1350
2017,Afghanistan,AFG,Canada,CAN,0,0,0,0,0,0,0,0,0,0,0,0,0,0,4073
2017,Albania,ALB,Canada,CAN,0,0,0,0,0,0,0,0,0,0,0,0,0,0,1114
2017,Algeria,DZA,Canada,CAN,0,0,0,0,0,0,0,0,0,0,0,0,0,0,630
2017,Angola,AGO,Canada,CAN,0,0,0,0,0,0,0,0,0,0,0,0,0,0,366
2017,Antigua and Barbuda,ATG,Canada,CAN,0,0,0,0,0,0,0,0,0,0,0,0,0,0,137
2017,Egypt,EGY,Canada,CAN,0,0,0,0,0,0,0,0,0,0,0,0,0,0,2063
2017,Argentina,ARG,Canada,CAN,0,0,0,0,0,0,0,0,0,0,0,0,0,0,47
2017,Armenia,ARM,Canada,CAN,0,0,0,0,0,0,0,0,0,0,0,0,0,0,101
2017,Australia,AUS,Canada,CAN,0,0,0,0,0,0,0,0,0,0,0,0,0,0,5
2017,Austria,AUT,Canada,CAN,0,0,0,0,0,0,0,0,0,0,0,0,0,0,9
2017,Azerbaijan,AZE,Canada,CAN,0,0,0,0,0,0,0,0,0,0,0,0,0,0,721
2017,Bahrain,BHR,Canada,CAN,0,0,0,0,0,0,0,0,0,0,0,0,0,0,63
2017,Barbados,BRB,Canada,CAN,0,0,0,0,0,0,0,0,0,0,0,0,0,0,222
2017,Burundi,BDI,Canada,CAN,0,0,0,0,0,0,0,0,0,0,0,0,0,0,2613
2017,Belgium,BEL,Canada,CAN,0,0,0,0,0,0,0,0,0,0,0,0,0,0,27
2017,Benin,BEN,Canada,CAN,0,0,0,0,0,0,0,0,0,0,0,0,0,0,77
2017,Bangladesh,BGD,Canada,CAN,0,0,0,0,0,0,0,0,0,0,0,0,0,0,1483
2017,Bahamas,BHS,Canada,CAN,0,0,0,0,0,0,0,0,0,0,0,0,0,0,363
2017,Bhutan,BTN,Canada,CAN,0,0,0,0,0,0,0,0,0,0,0,0,0,0,7
2017,Burkina Faso,BFA,Canada,CAN,0,0,0,0,0,0,0,0,0,0,0,0,0,0,147
2017,Belarus,BLR,Canada,CAN,0,0,0,0,0,0,0,0,0,0,0,0,0,0,115
2017,Bolivia (Plurinational State of),BOL,Canada,CAN,0,0,0,0,0,0,0,0,0,0,0,0,0,0,50
2017,Botswana,BWA,Canada,CAN,0,0,0,0,0,0,0,0,0,0,0,0,0,0,284
2017,Brazil,BRA,Canada,CAN,0,0,0,0,0,0,0,0,0,0,0,0,0,0,442
2017,Bosnia and Herzegovina,BIH,Canada,CAN,0,0,0,0,0,0,0,0,0,0,0,0,0,0,44
2017,Bulgaria,BGR,Canada,CAN,0,0,0,0,0,0,0,0,0,0,0,0,0,0,162
2017,Belize,BLZ,Canada,CAN,0,0,0,0,0,0,0,0,0,0,0,0,0,0,23
2017,Cambodia,KHM,Canada,CAN,0,0,0,0,0,0,0,0,0,0,0,0,0,0,93
2017,Central African Rep.,CAF,Canada,CAN,0,0,0,0,0,0,0,0,0,0,0,0,0,0,81
2017,Chad,TCD,Canada,CAN,0,0,0,0,0,0,0,0,0,0,0,0,0,0,730
2017,China,CHN,Canada,CAN,0,0,0,0,0,0,0,0,0,0,0,0,0,0,9396
2017,Chile,CHL,Canada,CAN,0,0,0,0,0,0,0,0,0,0,0,0,0,0,149
2017,Cameroon,CMR,Canada,CAN,0,0,0,0,0,0,0,0,0,0,0,0,0,0,1336
2017,Congo,COG,Canada,CAN,0,0,0,0,0,0,0,0,0,0,0,0,0,0,370
2017,Dem. Rep. of the Congo,COD,Canada,CAN,0,0,0,0,0,0,0,0,0,0,0,0,0,0,2484
2017,Comoros,COM,Canada,CAN,0,0,0,0,0,0,0,0,0,0,0,0,0,0,5
2017,Colombia,COL,Canada,CAN,0,0,0,0,0,0,0,0,0,0,0,0,0,0,9616
2017,Costa Rica,CRI,Canada,CAN,0,0,0,0,0,0,0,0,0,0,0,0,0,0,27
2017,Cuba,CUB,Canada,CAN,0,0,0,0,0,0,0,0,0,0,0,0,0,0,936
2017,Cyprus,CYP,Canada,CAN,0,0,0,0,0,0,0,0,0,0,0,0,0,0,11
2017,Czechia,CZE,Canada,CAN,0,0,0,0,0,0,0,0,0,0,0,0,0,0,695
2017,Denmark,DNK,Canada,CAN,0,0,0,0,0,0,0,0,0,0,0,0,0,0,5
2017,Djibouti,DJI,Canada,CAN,0,0,0,0,0,0,0,0,0,0,0,0,0,0,1278
2017,Dominica,DMA,Canada,CAN,0,0,0,0,0,0,0,0,0,0,0,0,0,0,15
2017,Dominican Rep.,DOM,Canada,CAN,0,0,0,0,0,0,0,0,0,0,0,0,0,0,191
2017,Ecuador,ECU,Canada,CAN,0,0,0,0,0,0,0,0,0,0,0,0,0,0,88
2017,Equatorial Guinea,GNQ,Canada,CAN,0,0,0,0,0,0,0,0,0,0,0,0,0,0,20
2017,Eritrea,ERI,Canada,CAN,0,0,0,0,0,0,0,0,0,0,0,0,0,0,2996
2017,Estonia,EST,Canada,CAN,0,0,0,0,0,0,0,0,0,0,0,0,0,0,5
2017,Ethiopia,ETH,Canada,CAN,0,0,0,0,0,0,0,0,0,0,0,0,0,0,2264
2017,Fiji,FJI,Canada,CAN,0,0,0,0,0,0,0,0,0,0,0,0,0,0,70
2017,Finland,FIN,Canada,CAN,0,0,0,0,0,0,0,0,0,0,0,0,0,0,5
2017,France,FRA,Canada,CAN,0,0,0,0,0,0,0,0,0,0,0,0,0,0,33
2017,Gabon,GAB,Canada,CAN,0,0,0,0,0,0,0,0,0,0,0,0,0,0,47
2017,Gambia,GMB,Canada,CAN,0,0,0,0,0,0,0,0,0,0,0,0,0,0,138
2017,Palestinian,PSE,Canada,CAN,0,0,0,0,0,0,0,0,0,0,0,0,0,0,1403
2017,United Kingdom of Great Britain and Northern Ireland,GBR,Canada,CAN,0,0,0,0,0,0,0,0,0,0,0,0,0,0,11
2017,Georgia,GEO,Canada,CAN,0,0,0,0,0,0,0,0,0,0,0,0,0,0,573
2017,Germany,DEU,Canada,CAN,0,0,0,0,0,0,0,0,0,0,0,0,0,0,16
2017,Ghana,GHA,Canada,CAN,0,0,0,0,0,0,0,0,0,0,0,0,0,0,575
2017,Guinea-Bissau,GNB,Canada,CAN,0,0,0,0,0,0,0,0,0,0,0,0,0,0,14
2017,Greece,GRC,Canada,CAN,0,0,0,0,0,0,0,0,0,0,0,0,0,0,43
2017,Grenada,GRD,Canada,CAN,0,0,0,0,0,0,0,0,0,0,0,0,0,0,75
2017,Guatemala,GTM,Canada,CAN,0,0,0,0,0,0,0,0,0,0,0,0,0,0,779
2017,Guinea,GIN,Canada,CAN,0,0,0,0,0,0,0,0,0,0,0,0,0,0,574
2017,Guyana,GUY,Canada,CAN,0,0,0,0,0,0,0,0,0,0,0,0,0,0,250
2017,Haiti,HTI,Canada,CAN,0,0,0,0,0,0,0,0,0,0,0,0,0,0,13971
2017,"China, Hong Kong SAR",HKG,Canada,CAN,0,0,0,0,0,0,0,0,0,0,0,0,0,0,27
2017,Honduras,HND,Canada,CAN,0,0,0,0,0,0,0,0,0,0,0,0,0,0,1214
2017,Croatia,HRV,Canada,CAN,0,0,0,0,0,0,0,0,0,0,0,0,0,0,423
2017,Hungary,HUN,Canada,CAN,0,0,0,0,0,0,0,0,0,0,0,0,0,0,4375
2017,Cote d'Ivoire,CIV,Canada,CAN,0,0,0,0,0,0,0,0,0,0,0,0,0,0,343
2017,India,IND,Canada,CAN,0,0,0,0,0,0,0,0,0,0,0,0,0,0,3048
2017,Indonesia,IDN,Canada,CAN,0,0,0,0,0,0,0,0,0,0,0,0,0,0,175
2017,Ireland,IRL,Canada,CAN,0,0,0,0,0,0,0,0,0,0,0,0,0,0,10
2017,Iran (Islamic Rep. of),IRN,Canada,CAN,0,0,0,0,0,0,0,0,0,0,0,0,0,0,2844
2017,Iraq,IRQ,Canada,CAN,0,0,0,0,0,0,0,0,0,0,0,0,0,0,3682
2017,Israel,ISR,Canada,CAN,0,0,0,0,0,0,0,0,0,0,0,0,0,0,291
2017,Italy,ITA,Canada,CAN,0,0,0,0,0,0,0,0,0,0,0,0,0,0,55
2017,Jamaica,JAM,Canada,CAN,0,0,0,0,0,0,0,0,0,0,0,0,0,0,1131
2017,Jordan,JOR,Canada,CAN,0,0,0,0,0,0,0,0,0,0,0,0,0,0,648
2017,Japan,JPN,Canada,CAN,0,0,0,0,0,0,0,0,0,0,0,0,0,0,10
2017,Kazakhstan,KAZ,Canada,CAN,0,0,0,0,0,0,0,0,0,0,0,0,0,0,196
2017,Kenya,KEN,Canada,CAN,0,0,0,0,0,0,0,0,0,0,0,0,0,0,618
2017,Kyrgyzstan,KGZ,Canada,CAN,0,0,0,0,0,0,0,0,0,0,0,0,0,0,85
2017,Rep. of Korea,KOR,Canada,CAN,0,0,0,0,0,0,0,0,0,0,0,0,0,0,135
2017,Dem. People's Rep. of Korea,PRK,Canada,CAN,0,0,0,0,0,0,0,0,0,0,0,0,0,0,893
2017,Kuwait,KWT,Canada,CAN,0,0,0,0,0,0,0,0,0,0,0,0,0,0,95
2017,Lao People's Dem. Rep.,LAO,Canada,CAN,0,0,0,0,0,0,0,0,0,0,0,0,0,0,5
2017,Liberia,LBR,Canada,CAN,0,0,0,0,0,0,0,0,0,0,0,0,0,0,121
2017,Libya,LBY,Canada,CAN,0,0,0,0,0,0,0,0,0,0,0,0,0,0,1523
2017,Saint Lucia,LCA,Canada,CAN,0,0,0,0,0,0,0,0,0,0,0,0,0,0,1108
2017,Lebanon,LBN,Canada,CAN,0,0,0,0,0,0,0,0,0,0,0,0,0,0,1240
2017,Sri Lanka,LKA,Canada,CAN,0,0,0,0,0,0,0,0,0,0,0,0,0,0,5063
2017,Lithuania,LTU,Canada,CAN,0,0,0,0,0,0,0,0,0,0,0,0,0,0,39
2017,Latvia,LVA,Canada,CAN,0,0,0,0,0,0,0,0,0,0,0,0,0,0,83
2017,Madagascar,MDG,Canada,CAN,0,0,0,0,0,0,0,0,0,0,0,0,0,0,26
2017,Mauritania,MRT,Canada,CAN,0,0,0,0,0,0,0,0,0,0,0,0,0,0,210
2017,North Macedonia,MKD,Canada,CAN,0,0,0,0,0,0,0,0,0,0,0,0,0,0,51
2017,Rep. of Moldova,MDA,Canada,CAN,0,0,0,0,0,0,0,0,0,0,0,0,0,0,142
2017,Mexico,MEX,Canada,CAN,0,0,0,0,0,0,0,0,0,0,0,0,0,0,5254
2017,Mali,MLI,Canada,CAN,0,0,0,0,0,0,0,0,0,0,0,0,0,0,234
2017,Malaysia,MYS,Canada,CAN,0,0,0,0,0,0,0,0,0,0,0,0,0,0,47
2017,Malawi,MWI,Canada,CAN,0,0,0,0,0,0,0,0,0,0,0,0,0,0,33
2017,Montenegro,MNE,Canada,CAN,0,0,0,0,0,0,0,0,0,0,0,0,0,0,29
2017,Mongolia,MNG,Canada,CAN,0,0,0,0,0,0,0,0,0,0,0,0,0,0,179
2017,Morocco,MAR,Canada,CAN,0,0,0,0,0,0,0,0,0,0,0,0,0,0,210
2017,Mauritius,MUS,Canada,CAN,0,0,0,0,0,0,0,0,0,0,0,0,0,0,13
2017,Myanmar,MMR,Canada,CAN,0,0,0,0,0,0,0,0,0,0,0,0,0,0,65
2017,Namibia,NAM,Canada,CAN,0,0,0,0,0,0,0,0,0,0,0,0,0,0,414
2017,Nepal,NPL,Canada,CAN,0,0,0,0,0,0,0,0,0,0,0,0,0,0,745
2017,Netherlands (Kingdom of the),NLD,Canada,CAN,0,0,0,0,0,0,0,0,0,0,0,0,0,0,23
2017,Niger,NER,Canada,CAN,0,0,0,0,0,0,0,0,0,0,0,0,0,0,86
2017,Nicaragua,NIC,Canada,CAN,0,0,0,0,0,0,0,0,0,0,0,0,0,0,101
2017,Nigeria,NGA,Canada,CAN,0,0,0,0,0,0,0,0,0,0,0,0,0,0,10432
2017,Norway,NOR,Canada,CAN,0,0,0,0,0,0,0,0,0,0,0,0,0,0,5
2017,Oman,OMN,Canada,CAN,0,0,0,0,0,0,0,0,0,0,0,0,0,0,9
2017,Pakistan,PAK,Canada,CAN,0,0,0,0,0,0,0,0,0,0,0,0,0,0,6962
2017,Panama,PAN,Canada,CAN,0,0,0,0,0,0,0,0,0,0,0,0,0,0,39
2017,Paraguay,PRY,Canada,CAN,0,0,0,0,0,0,0,0,0,0,0,0,0,0,21
2017,Peru,PER,Canada,CAN,0,0,0,0,0,0,0,0,0,0,0,0,0,0,360
2017,Philippines,PHL,Canada,CAN,0,0,0,0,0,0,0,0,0,0,0,0,0,0,160
2017,Papua New Guinea,PNG,Canada,CAN,0,0,0,0,0,0,0,0,0,0,0,0,0,0,5
2017,Poland,POL,Canada,CAN,0,0,0,0,0,0,0,0,0,0,0,0,0,0,234
2017,Portugal,PRT,Canada,CAN,0,0,0,0,0,0,0,0,0,0,0,0,0,0,12
2017,Qatar,QAT,Canada,CAN,0,0,0,0,0,0,0,0,0,0,0,0,0,0,12
2017,Romania,ROU,Canada,CAN,0,0,0,0,0,0,0,0,0,0,0,0,0,0,421
2017,South Africa,ZAF,Canada,CAN,0,0,0,0,0,0,0,0,0,0,0,0,0,0,169
2017,Russian Federation,RUS,Canada,CAN,0,0,0,0,0,0,0,0,0,0,0,0,0,0,1079
2017,Rwanda,RWA,Canada,CAN,0,0,0,0,0,0,0,0,0,0,0,0,0,0,1210
2017,El Salvador,SLV,Canada,CAN,0,0,0,0,0,0,0,0,0,0,0,0,0,0,1983
2017,Saudi Arabia,SAU,Canada,CAN,0,0,0,0,0,0,0,0,0,0,0,0,0,0,453
2017,Senegal,SEN,Canada,CAN,0,0,0,0,0,0,0,0,0,0,0,0,0,0,298
2017,Seychelles,SYC,Canada,CAN,0,0,0,0,0,0,0,0,0,0,0,0,0,0,5
2017,Singapore,SGP,Canada,CAN,0,0,0,0,0,0,0,0,0,0,0,0,0,0,20
2017,Sierra Leone,SLE,Canada,CAN,0,0,0,0,0,0,0,0,0,0,0,0,0,0,99
2017,Solomon Islands,SLB,Canada,CAN,0,0,0,0,0,0,0,0,0,0,0,0,0,0,28
2017,Somalia,SOM,Canada,CAN,0,0,0,0,0,0,0,0,0,0,0,0,0,0,3983
2017,Spain,ESP,Canada,CAN,0,0,0,0,0,0,0,0,0,0,0,0,0,0,43
2017,Serbia and Kosovo: S/RES/1244 (1999),SRB,Canada,CAN,0,0,0,0,0,0,0,0,0,0,0,0,0,0,322
2017,Viet Nam,VNM,Canada,CAN,0,0,0,0,0,0,0,0,0,0,0,0,0,0,82
2017,South Sudan,SSD,Canada,CAN,0,0,0,0,0,0,0,0,0,0,0,0,0,0,12
2017,Stateless,XXA,Canada,CAN,0,0,0,0,0,0,0,0,0,0,0,0,0,0,514
2017,Saint Kitts and Nevis,KNA,Canada,CAN,0,0,0,0,0,0,0,0,0,0,0,0,0,0,51
2017,Sudan,SDN,Canada,CAN,0,0,0,0,0,0,0,0,0,0,0,0,0,0,1411
2017,Suriname,SUR,Canada,CAN,0,0,0,0,0,0,0,0,0,0,0,0,0,0,8
2017,Slovakia,SVK,Canada,CAN,0,0,0,0,0,0,0,0,0,0,0,0,0,0,1360
2017,Slovenia,SVN,Canada,CAN,0,0,0,0,0,0,0,0,0,0,0,0,0,0,14
2017,Eswatini,SWZ,Canada,CAN,0,0,0,0,0,0,0,0,0,0,0,0,0,0,155
2017,Syrian Arab Rep.,SYR,Canada,CAN,0,0,0,0,0,0,0,0,0,0,0,0,0,0,3902
2017,United Rep. of Tanzania,TZA,Canada,CAN,0,0,0,0,0,0,0,0,0,0,0,0,0,0,221
2017,Turks and Caicos Islands,TCA,Canada,CAN,0,0,0,0,0,0,0,0,0,0,0,0,0,0,5
2017,Thailand,THA,Canada,CAN,0,0,0,0,0,0,0,0,0,0,0,0,0,0,25
2017,Tajikistan,TJK,Canada,CAN,0,0,0,0,0,0,0,0,0,0,0,0,0,0,55
2017,Turkmenistan,TKM,Canada,CAN,0,0,0,0,0,0,0,0,0,0,0,0,0,0,21
2017,Togo,TGO,Canada,CAN,0,0,0,0,0,0,0,0,0,0,0,0,0,0,157
2017,Trinidad and Tobago,TTO,Canada,CAN,0,0,0,0,0,0,0,0,0,0,0,0,0,0,161
2017,Tunisia,TUN,Canada,CAN,0,0,0,0,0,0,0,0,0,0,0,0,0,0,256
2017,T端rkiye,TUR,Canada,CAN,0,0,0,0,0,0,0,0,0,0,0,0,0,0,4611
2017,United Arab Emirates,ARE,Canada,CAN,0,0,0,0,0,0,0,0,0,0,0,0,0,0,46
2017,Uganda,UGA,Canada,CAN,0,0,0,0,0,0,0,0,0,0,0,0,0,0,730
2017,Unknown ,UNK,Canada,CAN,0,0,0,0,0,0,0,0,0,0,0,0,0,0,133
2017,Ukraine,UKR,Canada,CAN,0,0,0,0,0,0,0,0,0,0,0,0,0,0,1558
2017,Uruguay,URY,Canada,CAN,0,0,0,0,0,0,0,0,0,0,0,0,0,0,12
2017,United States of America,USA,Canada,CAN,0,0,0,0,0,0,0,0,0,0,0,0,0,0,1987
2017,Uzbekistan,UZB,Canada,CAN,0,0,0,0,0,0,0,0,0,0,0,0,0,0,241
2017,Saint Vincent and the Grenadines,VCT,Canada,CAN,0,0,0,0,0,0,0,0,0,0,0,0,0,0,1362
2017,Venezuela (Bolivarian Republic of),VEN,Canada,CAN,0,0,0,0,0,0,0,0,0,0,0,0,0,0,2404
2017,Yemen,YEM,Canada,CAN,0,0,0,0,0,0,0,0,0,0,0,0,0,0,1342
2017,Zambia,ZMB,Canada,CAN,0,0,0,0,0,0,0,0,0,0,0,0,0,0,41
2017,Zimbabwe,ZWE,Canada,CAN,0,0,0,0,0,0,0,0,0,0,0,0,0,0,1288
2018,Afghanistan,AFG,Canada,CAN,120,270,250,1120,89,0,1849,131,280,247,1017,79,0,1754,4372
2018,Albania,ALB,Canada,CAN,0,7,0,51,0,0,58,0,13,7,63,0,0,83,1150
2018,Algeria,DZA,Canada,CAN,0,0,5,21,0,0,26,0,9,0,13,0,0,22,1000
2018,Angola,AGO,Canada,CAN,0,7,0,7,0,0,14,0,0,0,9,0,0,9,841
2018,Antigua and Barbuda,ATG,Canada,CAN,0,5,0,7,0,0,12,0,0,0,5,0,0,5,139
2018,Egypt,EGY,Canada,CAN,28,49,32,143,45,0,297,29,56,28,143,20,0,276,3175
2018,Argentina,ARG,Canada,CAN,0,0,0,0,0,0,0,0,0,0,0,0,0,0,55
2018,Armenia,ARM,Canada,CAN,0,0,0,5,0,0,5,0,0,0,0,0,0,0,104
2018,Austria,AUT,Canada,CAN,0,0,0,0,0,0,0,0,0,0,0,0,0,0,5
2018,Azerbaijan,AZE,Canada,CAN,5,11,0,29,0,0,45,0,17,0,55,0,0,72,800
2018,Bahrain,BHR,Canada,CAN,0,0,9,0,0,0,9,0,0,0,6,0,0,6,79
2018,Barbados,BRB,Canada,CAN,0,0,5,6,0,0,11,0,0,0,10,0,0,10,271
2018,Burundi,BDI,Canada,CAN,65,103,101,320,24,0,613,43,107,79,323,16,0,568,3087
2018,Belgium,BEL,Canada,CAN,0,0,0,0,0,0,0,0,0,0,0,0,0,0,41
2018,Benin,BEN,Canada,CAN,0,0,0,6,0,0,6,0,0,0,7,0,0,7,115
2018,Bangladesh,BGD,Canada,CAN,6,32,23,102,0,0,163,5,30,14,90,7,0,146,2118
2018,Bahamas,BHS,Canada,CAN,0,0,0,8,0,0,8,0,0,0,18,0,0,18,526
2018,Bhutan,BTN,Canada,CAN,0,0,0,5,0,0,5,0,0,0,0,0,0,0,10
2018,Burkina Faso,BFA,Canada,CAN,0,10,0,14,0,0,24,0,0,5,10,0,0,15,205
2018,Belarus,BLR,Canada,CAN,6,0,0,11,0,0,17,0,7,0,0,0,0,7,105
2018,Bolivia (Plurinational State of),BOL,Canada,CAN,0,0,0,5,0,0,5,0,0,0,0,0,0,0,60
2018,Botswana,BWA,Canada,CAN,0,0,7,9,0,0,16,0,0,0,5,0,0,5,270
2018,Brazil,BRA,Canada,CAN,0,0,0,5,0,0,5,0,0,0,5,0,0,5,467
2018,Bosnia and Herzegovina,BIH,Canada,CAN,0,0,0,7,0,0,7,0,0,0,0,0,0,0,39
2018,Bulgaria,BGR,Canada,CAN,0,0,0,0,0,0,0,0,0,0,8,0,0,8,209
2018,Belize,BLZ,Canada,CAN,0,0,5,0,0,0,5,0,0,0,0,0,0,0,29
2018,Cambodia,KHM,Canada,CAN,0,0,0,5,0,0,5,0,0,0,7,0,0,7,104
2018,Central African Rep.,CAF,Canada,CAN,5,6,6,20,0,0,37,5,9,6,16,0,0,36,104
2018,Chad,TCD,Canada,CAN,5,16,13,27,0,0,61,5,9,12,74,0,0,100,897
2018,China,CHN,Canada,CAN,5,31,29,275,27,0,367,6,40,33,252,16,0,347,9570
2018,Chile,CHL,Canada,CAN,0,0,0,0,0,0,0,0,0,0,5,0,0,5,195
2018,Cameroon,CMR,Canada,CAN,8,22,11,88,0,0,129,9,23,15,99,0,0,146,1607
2018,Congo,COG,Canada,CAN,9,13,14,60,0,0,96,0,17,5,43,0,0,65,469
2018,Dem. Rep. of the Congo,COD,Canada,CAN,113,155,152,482,19,0,921,103,175,159,472,16,0,925,3340
2018,Comoros,COM,Canada,CAN,0,0,0,0,0,0,0,0,0,0,0,0,0,0,10
2018,Colombia,COL,Canada,CAN,17,68,45,291,18,0,439,23,63,65,289,8,0,448,10562
2018,Costa Rica,CRI,Canada,CAN,0,0,0,0,0,0,0,0,0,0,0,0,0,0,32
2018,Cuba,CUB,Canada,CAN,0,5,5,25,0,0,35,0,0,7,29,0,0,36,899
2018,Cyprus,CYP,Canada,CAN,0,0,0,0,0,0,0,0,0,0,0,0,0,0,17
2018,Czechia,CZE,Canada,CAN,0,0,0,15,0,0,15,0,0,6,11,0,0,17,588
2018,Denmark,DNK,Canada,CAN,0,0,0,0,0,0,0,0,0,0,0,0,0,0,18
2018,Djibouti,DJI,Canada,CAN,8,14,9,38,5,0,74,0,14,6,33,0,0,53,1374
2018,Dominica,DMA,Canada,CAN,0,0,0,0,0,0,0,0,0,0,0,0,0,0,18
2018,Dominican Rep.,DOM,Canada,CAN,0,0,0,15,0,0,15,0,5,0,8,0,0,13,258
2018,Ecuador,ECU,Canada,CAN,6,0,0,0,0,0,6,6,7,0,0,0,0,13,110
2018,Equatorial Guinea,GNQ,Canada,CAN,0,0,5,5,0,0,10,0,0,0,0,0,0,0,24
2018,Eritrea,ERI,Canada,CAN,148,159,87,697,20,0,1111,143,173,98,1158,27,0,1599,3504
2018,Estonia,EST,Canada,CAN,0,0,0,0,0,0,0,0,0,0,0,0,0,0,5
2018,Ethiopia,ETH,Canada,CAN,126,102,52,633,8,0,921,80,131,44,709,9,0,973,2820
2018,Fiji,FJI,Canada,CAN,0,0,0,0,0,0,0,0,0,0,0,0,0,0,59
2018,Finland,FIN,Canada,CAN,0,0,0,0,0,0,0,0,0,0,0,0,0,0,5
2018,France,FRA,Canada,CAN,0,0,0,0,0,0,0,0,0,0,0,0,0,0,59
2018,Gabon,GAB,Canada,CAN,0,0,0,5,0,0,5,0,0,0,0,0,0,0,70
2018,Gambia,GMB,Canada,CAN,0,5,0,10,0,0,15,0,0,0,21,0,0,21,187
2018,Palestinian,PSE,Canada,CAN,5,22,10,78,12,0,127,8,12,29,108,6,0,163,2118
2018,United Kingdom of Great Britain and Northern Ireland,GBR,Canada,CAN,0,6,0,0,0,0,6,0,0,0,0,0,0,0,11
2018,Georgia,GEO,Canada,CAN,0,5,0,27,0,0,32,0,7,6,43,0,0,56,646
2018,Germany,DEU,Canada,CAN,0,0,0,0,0,0,0,0,0,0,0,0,0,0,25
2018,Ghana,GHA,Canada,CAN,0,6,0,19,0,0,25,0,6,5,33,0,0,44,645
2018,Guinea-Bissau,GNB,Canada,CAN,0,0,0,0,0,0,0,0,0,0,0,0,0,0,19
2018,Greece,GRC,Canada,CAN,0,0,0,0,0,0,0,0,0,0,0,0,0,0,37
2018,Grenada,GRD,Canada,CAN,0,0,0,0,0,0,0,0,0,0,0,0,0,0,59
2018,Guatemala,GTM,Canada,CAN,0,0,5,21,0,0,26,0,6,0,32,0,0,38,757
2018,Guinea,GIN,Canada,CAN,8,5,0,31,0,0,44,0,8,5,29,0,0,42,719
2018,Guyana,GUY,Canada,CAN,0,0,5,0,0,0,5,0,0,0,0,0,0,0,216
2018,Haiti,HTI,Canada,CAN,5,15,18,149,16,0,203,6,19,12,119,6,0,162,14187
2018,"China, Hong Kong SAR",HKG,Canada,CAN,0,0,0,0,0,0,0,0,6,0,0,0,0,6,11
2018,Honduras,HND,Canada,CAN,5,12,9,43,5,0,74,0,11,9,72,0,0,92,1330
2018,Croatia,HRV,Canada,CAN,0,5,0,11,0,0,16,0,0,0,10,0,0,10,309
2018,Hungary,HUN,Canada,CAN,6,20,29,120,5,0,180,8,11,27,115,5,0,166,4093
2018,Iceland,ISL,Canada,CAN,0,0,0,0,0,0,0,0,0,0,0,0,0,0,5
2018,Cote d'Ivoire,CIV,Canada,CAN,6,12,12,43,0,0,73,0,9,9,26,0,0,44,410
2018,India,IND,Canada,CAN,5,18,22,104,0,0,149,6,27,17,131,0,0,181,6979
2018,Indonesia,IDN,Canada,CAN,0,0,0,0,0,0,0,0,0,0,0,0,0,0,182
2018,Ireland,IRL,Canada,CAN,0,0,0,0,0,0,0,0,0,0,0,0,0,0,28
2018,Iran (Islamic Rep. of),IRN,Canada,CAN,10,37,45,321,23,0,436,21,32,46,353,26,0,478,5085
2018,Iraq,IRQ,Canada,CAN,107,248,155,828,157,0,1495,104,254,166,889,117,0,1530,3883
2018,Israel,ISR,Canada,CAN,0,0,0,8,0,0,8,0,0,0,5,0,0,5,270
2018,Italy,ITA,Canada,CAN,0,0,0,0,0,0,0,0,0,0,0,0,0,0,115
2018,Jamaica,JAM,Canada,CAN,0,0,12,59,0,0,71,0,7,5,74,0,0,86,1203
2018,Jordan,JOR,Canada,CAN,5,9,5,51,0,0,70,5,8,0,19,0,0,32,1020
2018,Japan,JPN,Canada,CAN,0,0,0,0,0,0,0,0,0,0,0,0,0,0,8
2018,Kazakhstan,KAZ,Canada,CAN,0,0,5,9,0,0,14,0,0,0,8,0,0,8,219
2018,Kenya,KEN,Canada,CAN,0,0,6,33,0,0,39,5,6,5,16,0,0,32,839
2018,Kyrgyzstan,KGZ,Canada,CAN,0,6,5,13,0,0,24,0,5,5,10,0,0,20,86
2018,Rep. of Korea,KOR,Canada,CAN,0,0,0,8,0,0,8,0,0,0,5,0,0,5,118
2018,Dem. People's Rep. of Korea,PRK,Canada,CAN,0,0,0,0,0,0,0,0,0,0,0,0,0,0,478
2018,Kuwait,KWT,Canada,CAN,5,0,0,0,0,0,5,0,0,0,0,0,0,0,117
2018,Lao People's Dem. Rep.,LAO,Canada,CAN,0,0,0,0,0,0,0,0,0,0,5,0,0,5,5
2018,Liberia,LBR,Canada,CAN,0,6,9,33,0,0,48,9,6,5,18,0,0,38,147
2018,Libya,LBY,Canada,CAN,0,26,14,55,0,0,95,0,26,6,95,0,0,127,1813
2018,Saint Lucia,LCA,Canada,CAN,0,0,15,30,0,0,45,0,6,9,24,0,0,39,1019
2018,Lebanon,LBN,Canada,CAN,5,8,5,121,0,0,139,0,14,6,37,0,0,57,1365
2018,Sri Lanka,LKA,Canada,CAN,5,21,19,121,5,0,171,6,24,22,187,5,0,244,4326
2018,Lithuania,LTU,Canada,CAN,0,0,5,0,0,0,5,0,0,0,0,0,0,0,26
2018,Luxembourg,LUX,Canada,CAN,0,0,0,0,0,0,0,0,0,0,0,0,0,0,5
2018,Latvia,LVA,Canada,CAN,0,0,0,0,0,0,0,0,0,0,0,0,0,0,83
2018,Madagascar,MDG,Canada,CAN,0,0,0,7,0,0,7,0,0,0,0,0,0,0,35
2018,Mauritania,MRT,Canada,CAN,0,0,0,7,0,0,7,5,0,0,22,0,0,27,345
2018,North Macedonia,MKD,Canada,CAN,0,0,0,0,0,0,0,0,0,0,0,0,0,0,47
2018,Rep. of Moldova,MDA,Canada,CAN,0,0,0,5,0,0,5,0,0,0,0,0,0,0,131
2018,Mexico,MEX,Canada,CAN,0,5,0,37,0,0,42,0,7,6,30,0,0,43,7270
2018,Mali,MLI,Canada,CAN,5,7,5,26,0,0,43,0,9,0,29,0,0,38,308
2018,Malaysia,MYS,Canada,CAN,0,0,0,0,0,0,0,0,0,0,7,0,0,7,45
2018,Malawi,MWI,Canada,CAN,0,0,0,0,0,0,0,0,0,0,0,0,0,0,51
2018,Montenegro,MNE,Canada,CAN,0,0,0,0,0,0,0,0,0,0,0,0,0,0,21
2018,Mongolia,MNG,Canada,CAN,0,0,0,15,0,0,15,0,6,0,9,0,0,15,205
2018,Morocco,MAR,Canada,CAN,0,0,0,16,0,0,16,5,0,0,13,0,0,18,256
2018,Mozambique,MOZ,Canada,CAN,0,0,0,0,0,0,0,0,0,0,0,0,0,0,8
2018,Malta,MLT,Canada,CAN,0,0,0,0,0,0,0,0,0,0,0,0,0,0,5
2018,Mauritius,MUS,Canada,CAN,0,0,0,0,0,0,0,0,0,0,0,0,0,0,19
2018,Myanmar,MMR,Canada,CAN,5,0,6,18,0,0,29,0,5,5,11,5,0,26,78
2018,Namibia,NAM,Canada,CAN,0,9,11,18,0,0,38,0,5,7,11,0,0,23,381
2018,Nepal,NPL,Canada,CAN,5,9,5,44,0,0,63,7,0,10,50,0,0,67,824
2018,Netherlands (Kingdom of the),NLD,Canada,CAN,5,0,0,0,0,0,5,0,0,0,0,0,0,0,35
2018,Niger,NER,Canada,CAN,0,0,0,0,0,0,0,0,0,0,0,0,0,0,133
2018,Nicaragua,NIC,Canada,CAN,0,0,0,0,0,0,0,0,0,0,6,0,0,6,431
2018,Nigeria,NGA,Canada,CAN,18,73,42,259,0,0,392,23,73,54,278,0,0,428,18532
2018,Norway,NOR,Canada,CAN,0,0,0,0,0,0,0,0,0,0,0,0,0,0,5
2018,Oman,OMN,Canada,CAN,0,0,0,0,0,0,0,0,0,0,0,0,0,0,7
2018,Pakistan,PAK,Canada,CAN,48,174,148,621,101,0,1092,50,181,143,645,90,0,1109,8508
2018,Panama,PAN,Canada,CAN,0,0,0,0,0,0,0,0,0,0,0,0,0,0,44
2018,Paraguay,PRY,Canada,CAN,0,0,0,0,0,0,0,0,0,0,0,0,0,0,21
2018,Peru,PER,Canada,CAN,0,5,0,8,0,0,13,0,5,0,10,0,0,15,409
2018,Philippines,PHL,Canada,CAN,0,0,0,12,0,0,12,0,0,0,5,0,0,5,169
2018,Papua New Guinea,PNG,Canada,CAN,0,0,0,0,0,0,0,0,0,0,0,0,0,0,5
2018,Poland,POL,Canada,CAN,0,0,0,10,0,0,10,0,0,0,9,0,0,9,242
2018,Portugal,PRT,Canada,CAN,0,0,0,0,0,0,0,0,0,0,0,0,0,0,18
2018,Qatar,QAT,Canada,CAN,0,0,0,0,0,0,0,0,0,0,0,0,0,0,12
2018,Romania,ROU,Canada,CAN,0,0,5,0,0,0,5,0,0,0,5,0,0,5,1256
2018,South Africa,ZAF,Canada,CAN,0,8,0,0,0,0,8,0,5,0,0,0,0,5,283
2018,Russian Federation,RUS,Canada,CAN,0,6,6,43,0,0,55,0,0,6,36,0,0,42,1126
2018,Rwanda,RWA,Canada,CAN,14,20,17,99,5,0,155,7,16,11,96,5,0,135,1400
2018,El Salvador,SLV,Canada,CAN,5,5,13,77,8,0,108,6,12,13,95,5,0,131,2267
2018,Saudi Arabia,SAU,Canada,CAN,0,0,7,31,0,0,38,0,5,5,18,0,0,28,644
2018,Senegal,SEN,Canada,CAN,0,5,0,23,0,0,28,0,5,0,28,0,0,33,458
2018,Seychelles,SYC,Canada,CAN,0,0,0,0,0,0,0,0,0,0,0,0,0,0,5
2018,Singapore,SGP,Canada,CAN,0,0,0,0,0,0,0,0,0,0,0,0,0,0,19
2018,Sierra Leone,SLE,Canada,CAN,0,5,0,6,0,0,11,0,0,0,7,0,0,7,120
2018,Solomon Islands,SLB,Canada,CAN,0,0,0,0,0,0,0,0,0,0,0,0,0,0,6
2018,Somalia,SOM,Canada,CAN,135,188,204,870,27,0,1424,138,242,203,1122,31,0,1736,4011
2018,Spain,ESP,Canada,CAN,0,0,0,0,0,0,0,0,0,0,0,0,0,0,65
2018,Serbia and Kosovo: S/RES/1244 (1999),SRB,Canada,CAN,0,0,0,15,0,0,15,0,5,0,12,0,0,17,386
2018,Viet Nam,VNM,Canada,CAN,0,0,7,10,0,0,17,7,7,0,8,0,0,22,111
2018,South Sudan,SSD,Canada,CAN,0,0,0,7,0,0,7,0,6,0,0,0,0,6,30
2018,Stateless,XXA,Canada,CAN,20,32,25,117,13,0,207,16,34,24,119,17,0,210,724
2018,Saint Kitts and Nevis,KNA,Canada,CAN,0,0,0,0,0,0,0,0,0,0,5,0,0,5,45
2018,Sudan,SDN,Canada,CAN,45,82,44,198,5,0,374,61,84,55,250,10,0,460,1908
2018,Suriname,SUR,Canada,CAN,0,0,0,0,0,0,0,0,0,0,0,0,0,0,12
2018,Slovakia,SVK,Canada,CAN,0,13,10,32,0,0,55,0,13,9,46,0,0,68,1369
2018,Slovenia,SVN,Canada,CAN,0,0,0,0,0,0,0,0,0,0,0,0,0,0,12
2018,Eswatini,SWZ,Canada,CAN,0,0,0,7,0,0,7,0,0,5,0,0,0,5,148
2018,Sweden,SWE,Canada,CAN,0,0,0,0,0,0,0,0,0,0,0,0,0,0,14
2018,Syrian Arab Rep.,SYR,Canada,CAN,202,347,210,868,73,0,1700,222,376,230,961,69,0,1858,4361
2018,United Rep. of Tanzania,TZA,Canada,CAN,0,5,0,5,0,0,10,0,0,6,20,0,0,26,283
2018,Thailand,THA,Canada,CAN,0,0,0,5,0,0,5,0,0,0,0,0,0,0,21
2018,Tajikistan,TJK,Canada,CAN,0,6,0,6,0,0,12,0,0,5,8,0,0,13,72
2018,Turkmenistan,TKM,Canada,CAN,0,0,0,0,0,0,0,0,0,0,0,0,0,0,27
2018,Timor-Leste,TLS,Canada,CAN,0,0,0,0,0,0,0,0,0,0,0,0,0,0,5
2018,Togo,TGO,Canada,CAN,0,0,0,13,0,0,13,0,0,0,23,0,0,23,194
2018,Trinidad and Tobago,TTO,Canada,CAN,0,0,0,7,0,0,7,5,0,0,6,0,0,11,151
2018,Tunisia,TUN,Canada,CAN,0,8,0,12,0,0,20,0,5,0,6,0,0,11,309
2018,T端rkiye,TUR,Canada,CAN,22,79,43,290,0,0,434,28,75,62,423,5,0,593,6169
2018,United Arab Emirates,ARE,Canada,CAN,0,0,0,0,0,0,0,0,0,0,0,0,0,0,49
2018,Uganda,UGA,Canada,CAN,0,14,13,49,0,0,76,5,22,9,52,0,0,88,1077
2018,Unknown ,UNK,Canada,CAN,0,0,0,0,0,0,0,0,0,0,0,0,0,0,1663
2018,Ukraine,UKR,Canada,CAN,5,10,10,97,5,0,127,5,12,10,94,5,0,126,1617
2018,Uruguay,URY,Canada,CAN,0,0,0,0,0,0,0,0,0,0,0,0,0,0,16
2018,United States of America,USA,Canada,CAN,12,11,6,5,0,0,34,11,8,5,5,0,0,29,2570
2018,Uzbekistan,UZB,Canada,CAN,0,13,11,28,0,0,52,5,11,0,20,0,0,36,213
2018,Saint Vincent and the Grenadines,VCT,Canada,CAN,0,6,6,44,0,0,56,0,5,7,23,0,0,35,1212
2018,Venezuela (Bolivarian Republic of),VEN,Canada,CAN,6,23,15,133,7,0,184,9,23,16,136,10,0,194,3550
2018,Yemen,YEM,Canada,CAN,11,17,16,101,8,0,153,7,34,13,171,8,0,233,1778
2018,Zambia,ZMB,Canada,CAN,0,0,0,0,0,0,0,0,0,0,0,0,0,0,51
2018,Zimbabwe,ZWE,Canada,CAN,5,6,5,43,5,0,64,0,5,8,46,5,0,64,1267
2019,Afghanistan,AFG,Canada,CAN,0,0,0,0,0,0,0,0,0,0,0,0,0,0,3067
2019,Albania,ALB,Canada,CAN,0,0,0,0,0,0,0,0,0,0,0,0,0,0,1072
2019,Algeria,DZA,Canada,CAN,0,0,0,0,0,0,0,0,0,0,0,0,0,0,1358
2019,Angola,AGO,Canada,CAN,0,0,0,0,0,0,0,0,0,0,0,0,0,0,1449
2019,Antigua and Barbuda,ATG,Canada,CAN,0,0,0,0,0,0,0,0,0,0,0,0,0,0,148
2019,Egypt,EGY,Canada,CAN,0,0,0,0,0,0,0,0,0,0,0,0,0,0,3692
2019,Argentina,ARG,Canada,CAN,0,0,0,0,0,0,0,0,0,0,0,0,0,0,47
2019,Armenia,ARM,Canada,CAN,0,0,0,0,0,0,0,0,0,0,0,0,0,0,74
2019,Australia,AUS,Canada,CAN,0,0,0,0,0,0,0,0,0,0,0,0,0,0,5
2019,Austria,AUT,Canada,CAN,0,0,0,0,0,0,0,0,0,0,0,0,0,0,10
2019,Azerbaijan,AZE,Canada,CAN,0,0,0,0,0,0,0,0,0,0,0,0,0,0,798
2019,Bahrain,BHR,Canada,CAN,0,0,0,0,0,0,0,0,0,0,0,0,0,0,84
2019,Barbados,BRB,Canada,CAN,0,0,0,0,0,0,0,0,0,0,0,0,0,0,336
2019,Burundi,BDI,Canada,CAN,0,0,0,0,0,0,0,0,0,0,0,0,0,0,3140
2019,Belgium,BEL,Canada,CAN,0,0,0,0,0,0,0,0,0,0,0,0,0,0,35
2019,Benin,BEN,Canada,CAN,0,0,0,0,0,0,0,0,0,0,0,0,0,0,114
2019,Bangladesh,BGD,Canada,CAN,0,0,0,0,0,0,0,0,0,0,0,0,0,0,2548
2019,Bahamas,BHS,Canada,CAN,0,0,0,0,0,0,0,0,0,0,0,0,0,0,728
2019,Bhutan,BTN,Canada,CAN,0,0,0,0,0,0,0,0,0,0,0,0,0,0,5
2019,Burkina Faso,BFA,Canada,CAN,0,0,0,0,0,0,0,0,0,0,0,0,0,0,246
2019,Belarus,BLR,Canada,CAN,0,0,0,0,0,0,0,0,0,0,0,0,0,0,77
2019,Bolivia (Plurinational State of),BOL,Canada,CAN,0,0,0,0,0,0,0,0,0,0,0,0,0,0,57
2019,Botswana,BWA,Canada,CAN,0,0,0,0,0,0,0,0,0,0,0,0,0,0,190
2019,Brazil,BRA,Canada,CAN,0,0,0,0,0,0,0,0,0,0,0,0,0,0,617
2019,Bosnia and Herzegovina,BIH,Canada,CAN,0,0,0,0,0,0,0,0,0,0,0,0,0,0,12
2019,Bulgaria,BGR,Canada,CAN,0,0,0,0,0,0,0,0,0,0,0,0,0,0,191
2019,Belize,BLZ,Canada,CAN,0,0,0,0,0,0,0,0,0,0,0,0,0,0,29
2019,Cambodia,KHM,Canada,CAN,0,0,0,0,0,0,0,0,0,0,0,0,0,0,78
2019,Central African Rep.,CAF,Canada,CAN,0,0,0,0,0,0,0,0,0,0,0,0,0,0,90
2019,Chad,TCD,Canada,CAN,0,0,0,0,0,0,0,0,0,0,0,0,0,0,1011
2019,China,CHN,Canada,CAN,0,0,0,0,0,0,0,0,0,0,0,0,0,0,8933
2019,Chile,CHL,Canada,CAN,0,0,0,0,0,0,0,0,0,0,0,0,0,0,292
2019,Cameroon,CMR,Canada,CAN,0,0,0,0,0,0,0,0,0,0,0,0,0,0,1655
2019,Congo,COG,Canada,CAN,0,0,0,0,0,0,0,0,0,0,0,0,0,0,458
2019,Dem. Rep. of the Congo,COD,Canada,CAN,0,0,0,0,0,0,0,0,0,0,0,0,0,0,3401
2019,Comoros,COM,Canada,CAN,0,0,0,0,0,0,0,0,0,0,0,0,0,0,10
2019,Colombia,COL,Canada,CAN,0,0,0,0,0,0,0,0,0,0,0,0,0,0,9783
2019,Costa Rica,CRI,Canada,CAN,0,0,0,0,0,0,0,0,0,0,0,0,0,0,59
2019,Cuba,CUB,Canada,CAN,0,0,0,0,0,0,0,0,0,0,0,0,0,0,844
2019,Cyprus,CYP,Canada,CAN,0,0,0,0,0,0,0,0,0,0,0,0,0,0,11
2019,Czechia,CZE,Canada,CAN,0,0,0,0,0,0,0,0,0,0,0,0,0,0,497
2019,Denmark,DNK,Canada,CAN,0,0,0,0,0,0,0,0,0,0,0,0,0,0,25
2019,Djibouti,DJI,Canada,CAN,0,0,0,0,0,0,0,0,0,0,0,0,0,0,1289
2019,Dominica,DMA,Canada,CAN,0,0,0,0,0,0,0,0,0,0,0,0,0,0,13
2019,Dominican Rep.,DOM,Canada,CAN,0,0,0,0,0,0,0,0,0,0,0,0,0,0,278
2019,Ecuador,ECU,Canada,CAN,0,0,0,0,0,0,0,0,0,0,0,0,0,0,154
2019,Equatorial Guinea,GNQ,Canada,CAN,0,0,0,0,0,0,0,0,0,0,0,0,0,0,26
2019,Eritrea,ERI,Canada,CAN,0,0,0,0,0,0,0,0,0,0,0,0,0,0,2558
2019,Estonia,EST,Canada,CAN,0,0,0,0,0,0,0,0,0,0,0,0,0,0,10
2019,Ethiopia,ETH,Canada,CAN,0,0,0,0,0,0,0,0,0,0,0,0,0,0,2138
2019,Fiji,FJI,Canada,CAN,0,0,0,0,0,0,0,0,0,0,0,0,0,0,26
2019,Finland,FIN,Canada,CAN,0,0,0,0,0,0,0,0,0,0,0,0,0,0,5
2019,France,FRA,Canada,CAN,0,0,0,0,0,0,0,0,0,0,0,0,0,0,65
2019,Gabon,GAB,Canada,CAN,0,0,0,0,0,0,0,0,0,0,0,0,0,0,77
2019,Gambia,GMB,Canada,CAN,0,0,0,0,0,0,0,0,0,0,0,0,0,0,209
2019,Palestinian,PSE,Canada,CAN,0,0,0,0,0,0,0,0,0,0,0,0,0,0,2553
2019,United Kingdom of Great Britain and Northern Ireland,GBR,Canada,CAN,0,0,0,0,0,0,0,0,0,0,0,0,0,0,5
2019,Georgia,GEO,Canada,CAN,0,0,0,0,0,0,0,0,0,0,0,0,0,0,647
2019,Germany,DEU,Canada,CAN,0,0,0,0,0,0,0,0,0,0,0,0,0,0,26
2019,Ghana,GHA,Canada,CAN,0,0,0,0,0,0,0,0,0,0,0,0,0,0,652
2019,Guinea-Bissau,GNB,Canada,CAN,0,0,0,0,0,0,0,0,0,0,0,0,0,0,14
2019,Greece,GRC,Canada,CAN,0,0,0,0,0,0,0,0,0,0,0,0,0,0,20
2019,Grenada,GRD,Canada,CAN,0,0,0,0,0,0,0,0,0,0,0,0,0,0,46
2019,Guatemala,GTM,Canada,CAN,0,0,0,0,0,0,0,0,0,0,0,0,0,0,707
2019,Guinea,GIN,Canada,CAN,0,0,0,0,0,0,0,0,0,0,0,0,0,0,750
2019,Guyana,GUY,Canada,CAN,0,0,0,0,0,0,0,0,0,0,0,0,0,0,194
2019,Haiti,HTI,Canada,CAN,0,0,0,0,0,0,0,0,0,0,0,0,0,0,11928
2019,"China, Hong Kong SAR",HKG,Canada,CAN,0,0,0,0,0,0,0,0,0,0,0,0,0,0,19
2019,Honduras,HND,Canada,CAN,0,0,0,0,0,0,0,0,0,0,0,0,0,0,1340
2019,Croatia,HRV,Canada,CAN,0,0,0,0,0,0,0,0,0,0,0,0,0,0,290
2019,Hungary,HUN,Canada,CAN,0,0,0,0,0,0,0,0,0,0,0,0,0,0,4041
2019,Iceland,ISL,Canada,CAN,0,0,0,0,0,0,0,0,0,0,0,0,0,0,5
2019,Cote d'Ivoire,CIV,Canada,CAN,0,0,0,0,0,0,0,0,0,0,0,0,0,0,411
2019,India,IND,Canada,CAN,0,0,0,0,0,0,0,0,0,0,0,0,0,0,10941
2019,Indonesia,IDN,Canada,CAN,0,0,0,0,0,0,0,0,0,0,0,0,0,0,179
2019,Ireland,IRL,Canada,CAN,0,0,0,0,0,0,0,0,0,0,0,0,0,0,41
2019,Iran (Islamic Rep. of),IRN,Canada,CAN,0,0,0,0,0,0,0,0,0,0,0,0,0,0,7216
2019,Iraq,IRQ,Canada,CAN,0,0,0,0,0,0,0,0,0,0,0,0,0,0,585
2019,Israel,ISR,Canada,CAN,0,0,0,0,0,0,0,0,0,0,0,0,0,0,260
2019,Italy,ITA,Canada,CAN,0,0,0,0,0,0,0,0,0,0,0,0,0,0,114
2019,Jamaica,JAM,Canada,CAN,0,0,0,0,0,0,0,0,0,0,0,0,0,0,1221
2019,Jordan,JOR,Canada,CAN,0,0,0,0,0,0,0,0,0,0,0,0,0,0,1006
2019,Japan,JPN,Canada,CAN,0,0,0,0,0,0,0,0,0,0,0,0,0,0,7
2019,Kazakhstan,KAZ,Canada,CAN,0,0,0,0,0,0,0,0,0,0,0,0,0,0,224
2019,Kenya,KEN,Canada,CAN,0,0,0,0,0,0,0,0,0,0,0,0,0,0,745
2019,Kyrgyzstan,KGZ,Canada,CAN,0,0,0,0,0,0,0,0,0,0,0,0,0,0,84
2019,Rep. of Korea,KOR,Canada,CAN,0,0,0,0,0,0,0,0,0,0,0,0,0,0,89
2019,Dem. People's Rep. of Korea,PRK,Canada,CAN,0,0,0,0,0,0,0,0,0,0,0,0,0,0,412
2019,Kuwait,KWT,Canada,CAN,0,0,0,0,0,0,0,0,0,0,0,0,0,0,45
2019,Lao People's Dem. Rep.,LAO,Canada,CAN,0,0,0,0,0,0,0,0,0,0,0,0,0,0,5
2019,Liberia,LBR,Canada,CAN,0,0,0,0,0,0,0,0,0,0,0,0,0,0,197
2019,Libya,LBY,Canada,CAN,0,0,0,0,0,0,0,0,0,0,0,0,0,0,1980
2019,Saint Lucia,LCA,Canada,CAN,0,0,0,0,0,0,0,0,0,0,0,0,0,0,836
2019,Lebanon,LBN,Canada,CAN,0,0,0,0,0,0,0,0,0,0,0,0,0,0,1265
2019,Sri Lanka,LKA,Canada,CAN,0,0,0,0,0,0,0,0,0,0,0,0,0,0,3377
2019,Lithuania,LTU,Canada,CAN,0,0,0,0,0,0,0,0,0,0,0,0,0,0,21
2019,Latvia,LVA,Canada,CAN,0,0,0,0,0,0,0,0,0,0,0,0,0,0,80
2019,Madagascar,MDG,Canada,CAN,0,0,0,0,0,0,0,0,0,0,0,0,0,0,47
2019,Mauritania,MRT,Canada,CAN,0,0,0,0,0,0,0,0,0,0,0,0,0,0,354
2019,North Macedonia,MKD,Canada,CAN,0,0,0,0,0,0,0,0,0,0,0,0,0,0,25
2019,Rep. of Moldova,MDA,Canada,CAN,0,0,0,0,0,0,0,0,0,0,0,0,0,0,117
2019,Mexico,MEX,Canada,CAN,0,0,0,0,0,0,0,0,0,0,0,0,0,0,10035
2019,Mali,MLI,Canada,CAN,0,0,0,0,0,0,0,0,0,0,0,0,0,0,349
2019,Malaysia,MYS,Canada,CAN,0,0,0,0,0,0,0,0,0,0,0,0,0,0,18
2019,Malawi,MWI,Canada,CAN,0,0,0,0,0,0,0,0,0,0,0,0,0,0,103
2019,Mongolia,MNG,Canada,CAN,0,0,0,0,0,0,0,0,0,0,0,0,0,0,205
2019,Morocco,MAR,Canada,CAN,0,0,0,0,0,0,0,0,0,0,0,0,0,0,282
2019,Mozambique,MOZ,Canada,CAN,0,0,0,0,0,0,0,0,0,0,0,0,0,0,11
2019,Malta,MLT,Canada,CAN,0,0,0,0,0,0,0,0,0,0,0,0,0,0,10
2019,Mauritius,MUS,Canada,CAN,0,0,0,0,0,0,0,0,0,0,0,0,0,0,29
2019,Myanmar,MMR,Canada,CAN,0,0,0,0,0,0,0,0,0,0,0,0,0,0,14
2019,Namibia,NAM,Canada,CAN,0,0,0,0,0,0,0,0,0,0,0,0,0,0,302
2019,Nepal,NPL,Canada,CAN,0,0,0,0,0,0,0,0,0,0,0,0,0,0,288
2019,Netherlands (Kingdom of the),NLD,Canada,CAN,0,0,0,0,0,0,0,0,0,0,0,0,0,0,44
2019,Niger,NER,Canada,CAN,0,0,0,0,0,0,0,0,0,0,0,0,0,0,174
2019,Nicaragua,NIC,Canada,CAN,0,0,0,0,0,0,0,0,0,0,0,0,0,0,717
2019,Nigeria,NGA,Canada,CAN,0,0,0,0,0,0,0,0,0,0,0,0,0,0,19468
2019,Oman,OMN,Canada,CAN,0,0,0,0,0,0,0,0,0,0,0,0,0,0,5
2019,Pakistan,PAK,Canada,CAN,0,0,0,0,0,0,0,0,0,0,0,0,0,0,8742
2019,Panama,PAN,Canada,CAN,0,0,0,0,0,0,0,0,0,0,0,0,0,0,40
2019,Paraguay,PRY,Canada,CAN,0,0,0,0,0,0,0,0,0,0,0,0,0,0,26
2019,Peru,PER,Canada,CAN,0,0,0,0,0,0,0,0,0,0,0,0,0,0,464
2019,Philippines,PHL,Canada,CAN,0,0,0,0,0,0,0,0,0,0,0,0,0,0,195
2019,Papua New Guinea,PNG,Canada,CAN,0,0,0,0,0,0,0,0,0,0,0,0,0,0,5
2019,Poland,POL,Canada,CAN,0,0,0,0,0,0,0,0,0,0,0,0,0,0,201
2019,Portugal,PRT,Canada,CAN,0,0,0,0,0,0,0,0,0,0,0,0,0,0,28
2019,Qatar,QAT,Canada,CAN,0,0,0,0,0,0,0,0,0,0,0,0,0,0,5
2019,Romania,ROU,Canada,CAN,0,0,0,0,0,0,0,0,0,0,0,0,0,0,1117
2019,South Africa,ZAF,Canada,CAN,0,0,0,0,0,0,0,0,0,0,0,0,0,0,220
2019,Russian Federation,RUS,Canada,CAN,0,0,0,0,0,0,0,0,0,0,0,0,0,0,942
2019,Rwanda,RWA,Canada,CAN,0,0,0,0,0,0,0,0,0,0,0,0,0,0,1509
2019,El Salvador,SLV,Canada,CAN,0,0,0,0,0,0,0,0,0,0,0,0,0,0,2247
2019,Saudi Arabia,SAU,Canada,CAN,0,0,0,0,0,0,0,0,0,0,0,0,0,0,523
2019,Senegal,SEN,Canada,CAN,0,0,0,0,0,0,0,0,0,0,0,0,0,0,540
2019,Seychelles,SYC,Canada,CAN,0,0,0,0,0,0,0,0,0,0,0,0,0,0,5
2019,Singapore,SGP,Canada,CAN,0,0,0,0,0,0,0,0,0,0,0,0,0,0,22
2019,Sierra Leone,SLE,Canada,CAN,0,0,0,0,0,0,0,0,0,0,0,0,0,0,102
2019,Somalia,SOM,Canada,CAN,0,0,0,0,0,0,0,0,0,0,0,0,0,0,2874
2019,Spain,ESP,Canada,CAN,0,0,0,0,0,0,0,0,0,0,0,0,0,0,65
2019,Serbia and Kosovo: S/RES/1244 (1999),SRB,Canada,CAN,0,0,0,0,0,0,0,0,0,0,0,0,0,0,304
2019,Viet Nam,VNM,Canada,CAN,0,0,0,0,0,0,0,0,0,0,0,0,0,0,93
2019,South Sudan,SSD,Canada,CAN,0,0,0,0,0,0,0,0,0,0,0,0,0,0,29
2019,Stateless,XXA,Canada,CAN,0,0,0,0,0,0,0,0,0,0,0,0,0,0,3790
2019,Saint Kitts and Nevis,KNA,Canada,CAN,0,0,0,0,0,0,0,0,0,0,0,0,0,0,44
2019,Sudan,SDN,Canada,CAN,0,0,0,0,0,0,0,0,0,0,0,0,0,0,2255
2019,Suriname,SUR,Canada,CAN,0,0,0,0,0,0,0,0,0,0,0,0,0,0,7
2019,Slovakia,SVK,Canada,CAN,0,0,0,0,0,0,0,0,0,0,0,0,0,0,1361
2019,Slovenia,SVN,Canada,CAN,0,0,0,0,0,0,0,0,0,0,0,0,0,0,12
2019,Eswatini,SWZ,Canada,CAN,0,0,0,0,0,0,0,0,0,0,0,0,0,0,129
2019,Sweden,SWE,Canada,CAN,0,0,0,0,0,0,0,0,0,0,0,0,0,0,6
2019,Syrian Arab Rep.,SYR,Canada,CAN,0,0,0,0,0,0,0,0,0,0,0,0,0,0,308
2019,United Rep. of Tanzania,TZA,Canada,CAN,0,0,0,0,0,0,0,0,0,0,0,0,0,0,315
2019,Thailand,THA,Canada,CAN,0,0,0,0,0,0,0,0,0,0,0,0,0,0,5
2019,Tajikistan,TJK,Canada,CAN,0,0,0,0,0,0,0,0,0,0,0,0,0,0,66
2019,Turkmenistan,TKM,Canada,CAN,0,0,0,0,0,0,0,0,0,0,0,0,0,0,29
2019,Timor-Leste,TLS,Canada,CAN,0,0,0,0,0,0,0,0,0,0,0,0,0,0,10
2019,Togo,TGO,Canada,CAN,0,0,0,0,0,0,0,0,0,0,0,0,0,0,197
2019,Trinidad and Tobago,TTO,Canada,CAN,0,0,0,0,0,0,0,0,0,0,0,0,0,0,140
2019,Tunisia,TUN,Canada,CAN,0,0,0,0,0,0,0,0,0,0,0,0,0,0,320
2019,T端rkiye,TUR,Canada,CAN,0,0,0,0,0,0,0,0,0,0,0,0,0,0,7266
2019,United Arab Emirates,ARE,Canada,CAN,0,0,0,0,0,0,0,0,0,0,0,0,0,0,14
2019,Uganda,UGA,Canada,CAN,0,0,0,0,0,0,0,0,0,0,0,0,0,0,1292
2019,Unknown ,UNK,Canada,CAN,0,0,0,0,0,0,0,0,0,0,0,0,0,0,10642
2019,Ukraine,UKR,Canada,CAN,0,0,0,0,0,0,0,0,0,0,0,0,0,0,1506
2019,Uruguay,URY,Canada,CAN,0,0,0,0,0,0,0,0,0,0,0,0,0,0,12
2019,United States of America,USA,Canada,CAN,0,0,0,0,0,0,0,0,0,0,0,0,0,0,2445
2019,Uzbekistan,UZB,Canada,CAN,0,0,0,0,0,0,0,0,0,0,0,0,0,0,174
2019,Saint Vincent and the Grenadines,VCT,Canada,CAN,0,0,0,0,0,0,0,0,0,0,0,0,0,0,938
2019,Venezuela (Bolivarian Republic of),VEN,Canada,CAN,0,0,0,0,0,0,0,0,0,0,0,0,0,0,4455
2019,Yemen,YEM,Canada,CAN,0,0,0,0,0,0,0,0,0,0,0,0,0,0,2082
2019,Zambia,ZMB,Canada,CAN,0,0,0,0,0,0,0,0,0,0,0,0,0,0,37
2019,Zimbabwe,ZWE,Canada,CAN,0,0,0,0,0,0,0,0,0,0,0,0,0,0,1110
2020,Afghanistan,AFG,Canada,CAN,0,34,0,129,0,119,282,25,23,0,287,0,116,451,2768
2020,Albania,ALB,Canada,CAN,0,0,0,31,0,56,87,7,0,0,125,0,68,200,958
2020,Algeria,DZA,Canada,CAN,29,43,28,205,0,92,397,28,57,44,394,0,89,612,1439
2020,Angola,AGO,Canada,CAN,43,108,66,333,0,62,612,66,118,47,385,0,93,709,1539
2020,Antigua and Barbuda,ATG,Canada,CAN,0,0,0,0,0,0,0,0,0,0,0,0,0,0,118
2020,Egypt,EGY,Canada,CAN,48,93,72,224,23,91,551,25,90,75,327,0,116,633,3696
2020,Argentina,ARG,Canada,CAN,0,0,0,0,0,22,22,0,0,0,0,0,28,28,50
2020,Armenia,ARM,Canada,CAN,0,0,0,0,0,0,0,0,0,0,0,0,0,0,35
2020,Azerbaijan,AZE,Canada,CAN,0,0,0,49,0,39,88,0,0,0,68,0,50,118,739
2020,Bahrain,BHR,Canada,CAN,0,0,0,0,0,0,0,0,0,0,0,0,0,0,56
2020,Barbados,BRB,Canada,CAN,0,0,0,38,0,28,66,0,0,0,0,0,40,40,322
2020,Burundi,BDI,Canada,CAN,0,0,40,251,25,72,388,0,0,0,238,0,109,347,3090
2020,Belgium,BEL,Canada,CAN,0,0,0,0,0,0,0,0,0,0,0,0,0,0,5
2020,Benin,BEN,Canada,CAN,0,0,0,0,0,24,24,0,0,0,31,0,14,45,117
2020,Bangladesh,BGD,Canada,CAN,0,53,35,306,32,82,508,0,56,47,691,0,144,938,2580
2020,Bahamas,BHS,Canada,CAN,26,40,24,188,0,39,317,29,48,36,142,0,26,281,907
2020,Burkina Faso,BFA,Canada,CAN,0,0,0,39,0,21,60,0,0,0,77,0,20,97,240
2020,Belarus,BLR,Canada,CAN,0,0,0,0,0,0,0,0,0,0,0,0,0,0,45
2020,Bolivia (Plurinational State of),BOL,Canada,CAN,0,0,0,0,0,0,0,0,0,0,0,0,0,0,51
2020,Botswana,BWA,Canada,CAN,0,0,0,0,0,0,0,0,0,0,0,0,0,0,144
2020,Brazil,BRA,Canada,CAN,129,0,0,41,0,54,224,159,22,0,63,0,40,284,624
2020,Bulgaria,BGR,Canada,CAN,0,0,0,0,0,18,18,0,0,0,0,0,24,24,151
2020,Belize,BLZ,Canada,CAN,0,0,0,0,0,0,0,0,0,0,0,0,0,0,19
2020,Cambodia,KHM,Canada,CAN,0,0,0,0,0,0,0,0,0,0,8,5,0,13,68
2020,Central African Rep.,CAF,Canada,CAN,0,0,0,0,0,0,0,0,0,0,0,0,0,0,83
2020,Chad,TCD,Canada,CAN,0,0,0,107,0,74,181,0,22,0,272,0,64,358,987
2020,China,CHN,Canada,CAN,0,24,0,840,30,118,1012,13,21,27,1441,26,85,1613,7861
2020,Chile,CHL,Canada,CAN,49,0,0,71,0,27,147,45,0,0,60,0,46,151,361
2020,Cameroon,CMR,Canada,CAN,0,0,0,308,20,41,369,0,0,0,284,0,58,342,1575
2020,Congo,COG,Canada,CAN,0,0,0,43,0,42,85,0,0,0,62,0,32,94,438
2020,Dem. Rep. of the Congo,COD,Canada,CAN,75,132,69,790,62,129,1257,60,109,51,813,31,122,1186,3269
2020,Colombia,COL,Canada,CAN,199,349,265,1755,70,97,2735,191,350,251,1682,37,89,2600,9078
2020,Costa Rica,CRI,Canada,CAN,0,0,0,0,0,0,0,0,0,0,0,0,0,0,44
2020,Cuba,CUB,Canada,CAN,0,0,0,67,0,47,114,0,0,0,149,0,29,178,796
2020,Czechia,CZE,Canada,CAN,0,0,0,0,0,39,39,0,0,0,0,0,39,39,424
2020,Denmark,DNK,Canada,CAN,0,0,0,0,0,0,0,0,0,0,0,0,0,0,5
2020,Djibouti,DJI,Canada,CAN,0,0,0,14,0,38,52,0,10,0,57,0,15,82,1237
2020,Dominica,DMA,Canada,CAN,0,0,0,0,0,0,0,0,0,0,0,0,0,0,6
2020,Dominican Rep.,DOM,Canada,CAN,0,0,0,45,0,35,80,0,0,0,48,0,28,76,263
2020,Ecuador,ECU,Canada,CAN,0,0,0,26,0,22,48,0,0,0,33,0,30,63,145
2020,Equatorial Guinea,GNQ,Canada,CAN,0,0,0,0,0,0,0,0,0,0,0,0,0,0,18
2020,Eritrea,ERI,Canada,CAN,0,6,0,93,8,117,224,0,7,0,87,0,178,272,2426
2020,Estonia,EST,Canada,CAN,0,0,0,0,0,0,0,0,0,0,0,0,0,0,5
2020,Ethiopia,ETH,Canada,CAN,0,29,0,282,0,134,445,0,27,0,356,0,136,519,2019
2020,Fiji,FJI,Canada,CAN,0,0,0,0,0,0,0,0,0,0,0,0,0,0,18
2020,France,FRA,Canada,CAN,0,0,0,0,0,24,24,0,0,0,0,0,9,9,33
2020,Gabon,GAB,Canada,CAN,0,0,0,0,0,17,17,0,0,0,0,0,22,22,71
2020,Gambia,GMB,Canada,CAN,0,0,0,20,0,5,25,0,0,0,53,0,20,73,177
2020,Palestinian,PSE,Canada,CAN,52,88,29,216,0,84,469,38,104,25,348,0,127,642,2531
2020,Georgia,GEO,Canada,CAN,0,0,0,43,0,28,71,0,0,0,177,0,47,224,595
2020,Ghana,GHA,Canada,CAN,0,0,0,59,0,32,91,0,0,0,194,0,36,230,621
2020,Guinea-Bissau,GNB,Canada,CAN,0,0,0,0,0,0,0,0,0,0,0,0,0,0,8
2020,Grenada,GRD,Canada,CAN,0,0,0,0,0,0,0,0,0,0,0,0,0,0,24
2020,Guatemala,GTM,Canada,CAN,0,0,0,48,0,65,113,0,0,0,120,0,40,160,648
2020,Guinea,GIN,Canada,CAN,0,0,0,103,0,82,185,0,0,0,159,0,68,227,737
2020,Guyana,GUY,Canada,CAN,0,0,0,0,0,25,25,0,0,0,0,0,27,27,145
2020,Haiti,HTI,Canada,CAN,0,144,97,1976,79,154,2450,42,139,93,2246,35,128,2683,9249
2020,"China, Hong Kong SAR",HKG,Canada,CAN,0,0,0,0,0,0,0,0,0,0,0,0,0,0,27
2020,Honduras,HND,Canada,CAN,0,0,0,0,0,238,238,0,20,0,178,0,75,273,1326
2020,Croatia,HRV,Canada,CAN,0,0,0,0,0,0,0,0,0,0,0,0,0,0,265
2020,Hungary,HUN,Canada,CAN,26,14,40,213,0,114,407,60,55,15,278,0,111,519,4536
2020,Cote d'Ivoire,CIV,Canada,CAN,0,0,0,71,0,33,104,0,0,0,94,0,37,131,393
2020,India,IND,Canada,CAN,226,347,160,3002,0,170,3905,288,450,304,5343,96,78,6559,11714
2020,Indonesia,IDN,Canada,CAN,0,0,0,0,0,23,23,0,0,0,20,0,13,33,153
2020,Ireland,IRL,Canada,CAN,0,0,0,0,0,0,0,0,0,0,0,0,0,0,33
2020,Iran (Islamic Rep. of),IRN,Canada,CAN,76,173,172,1461,67,34,1983,50,166,203,1424,42,67,1952,7511
2020,Iraq,IRQ,Canada,CAN,0,0,0,74,33,80,187,0,0,0,153,33,91,277,464
2020,Israel,ISR,Canada,CAN,0,0,0,0,0,23,23,0,0,0,0,0,33,33,190
2020,Italy,ITA,Canada,CAN,0,0,0,0,0,41,41,0,0,0,0,0,35,35,81
2020,Jamaica,JAM,Canada,CAN,7,0,0,101,0,74,182,9,0,0,161,0,26,196,1214
2020,Jordan,JOR,Canada,CAN,0,36,20,142,0,100,298,0,52,35,253,0,100,440,988
2020,Kazakhstan,KAZ,Canada,CAN,0,0,0,0,0,0,0,0,0,0,22,0,17,39,204
2020,Kenya,KEN,Canada,CAN,0,0,0,262,0,75,337,0,0,0,219,0,78,297,746
2020,Kyrgyzstan,KGZ,Canada,CAN,0,0,0,0,0,0,0,0,0,0,0,0,0,0,64
2020,Rep. of Korea,KOR,Canada,CAN,0,0,0,0,0,0,0,0,0,0,0,0,0,0,46
2020,Dem. People's Rep. of Korea,PRK,Canada,CAN,0,0,0,0,0,0,0,0,0,0,0,0,0,0,370
2020,Kuwait,KWT,Canada,CAN,0,0,0,0,0,11,11,0,0,0,6,0,29,35,62
2020,Lao People's Dem. Rep.,LAO,Canada,CAN,0,0,0,0,0,0,0,0,0,0,0,0,0,0,5
2020,Liberia,LBR,Canada,CAN,0,0,0,45,0,13,58,0,0,0,88,0,32,120,205
2020,Libya,LBY,Canada,CAN,0,0,0,82,0,73,155,0,0,0,165,0,98,263,1977
2020,Saint Lucia,LCA,Canada,CAN,0,0,0,0,0,0,0,0,0,0,0,0,0,0,710
2020,Lebanon,LBN,Canada,CAN,0,30,0,159,0,105,294,0,57,34,213,0,57,361,1302
2020,Sri Lanka,LKA,Canada,CAN,0,0,0,100,32,118,250,8,0,0,938,0,118,1064,3103
2020,Lithuania,LTU,Canada,CAN,0,0,0,0,0,0,0,0,0,0,0,0,0,0,21
2020,Latvia,LVA,Canada,CAN,0,0,0,0,0,0,0,0,0,0,0,0,0,0,71
2020,Madagascar,MDG,Canada,CAN,0,0,0,0,0,0,0,0,0,0,0,0,0,0,36
2020,Mauritania,MRT,Canada,CAN,0,0,0,32,0,15,47,0,0,0,120,0,34,154,335
2020,North Macedonia,MKD,Canada,CAN,0,0,0,0,0,0,0,0,0,0,0,0,0,0,16
2020,Rep. of Moldova,MDA,Canada,CAN,0,0,0,0,0,0,0,0,0,0,0,0,0,0,82
2020,Mexico,MEX,Canada,CAN,236,367,239,2157,0,78,3077,264,370,259,3320,0,180,4393,9943
2020,Mali,MLI,Canada,CAN,0,0,0,31,0,19,50,0,0,0,89,0,19,108,352
2020,Malawi,MWI,Canada,CAN,0,0,0,31,0,12,43,0,0,0,24,0,7,31,84
2020,Mongolia,MNG,Canada,CAN,0,0,0,0,0,25,25,0,0,0,0,0,20,20,180
2020,Morocco,MAR,Canada,CAN,0,0,0,34,0,36,70,0,0,0,35,0,38,73,281
2020,Malta,MLT,Canada,CAN,0,0,0,0,0,0,0,0,0,0,0,0,0,0,5
2020,Mauritius,MUS,Canada,CAN,0,0,0,0,0,0,0,0,0,0,0,0,0,0,31
2020,Namibia,NAM,Canada,CAN,0,0,0,0,0,0,0,0,0,0,0,0,0,0,286
2020,Nepal,NPL,Canada,CAN,0,0,0,36,0,29,65,0,0,0,112,0,28,140,205
2020,Netherlands (Kingdom of the),NLD,Canada,CAN,0,0,0,0,0,0,0,0,0,0,0,0,0,0,8
2020,Niger,NER,Canada,CAN,0,0,0,25,0,15,40,0,0,0,31,0,16,47,142
2020,Nicaragua,NIC,Canada,CAN,0,22,22,161,0,87,292,25,26,0,208,0,67,326,802
2020,Nigeria,NGA,Canada,CAN,481,1185,550,3500,46,119,5881,477,1230,532,2926,0,137,5302,17230
2020,Pakistan,PAK,Canada,CAN,101,205,147,727,82,91,1353,116,256,162,1565,99,32,2230,8826
2020,Panama,PAN,Canada,CAN,0,0,0,0,0,0,0,0,0,0,0,0,0,0,21
2020,Paraguay,PRY,Canada,CAN,0,0,0,0,0,0,0,0,0,0,0,0,0,0,15
2020,Peru,PER,Canada,CAN,0,22,0,78,0,54,154,0,0,23,72,0,54,149,415
2020,Philippines,PHL,Canada,CAN,0,0,0,46,0,19,65,0,0,0,49,0,29,78,184
2020,Poland,POL,Canada,CAN,0,0,0,0,0,47,47,0,0,0,24,0,34,58,174
2020,Portugal,PRT,Canada,CAN,0,0,0,0,0,0,0,0,0,0,0,0,0,0,28
2020,Romania,ROU,Canada,CAN,0,31,21,166,0,65,283,22,31,24,183,0,45,305,949
2020,South Africa,ZAF,Canada,CAN,0,29,0,45,0,56,130,0,20,0,0,0,65,85,215
2020,Russian Federation,RUS,Canada,CAN,0,0,0,40,0,57,97,0,0,0,54,0,35,89,828
2020,Rwanda,RWA,Canada,CAN,0,20,0,278,20,91,409,0,0,25,287,0,92,404,1454
2020,El Salvador,SLV,Canada,CAN,0,40,0,188,0,86,314,8,41,36,215,0,63,363,2110
2020,Saudi Arabia,SAU,Canada,CAN,0,0,0,16,0,70,86,6,5,5,100,0,43,159,579
2020,Senegal,SEN,Canada,CAN,0,0,0,55,0,21,76,0,0,0,191,0,57,248,541
2020,Seychelles,SYC,Canada,CAN,0,0,0,0,0,0,0,0,0,0,0,0,0,0,5
2020,Singapore,SGP,Canada,CAN,0,0,0,0,0,0,0,0,0,0,0,0,0,0,10
2020,Sierra Leone,SLE,Canada,CAN,0,0,0,0,0,24,24,0,0,0,36,0,8,44,92
2020,Somalia,SOM,Canada,CAN,0,0,0,88,0,73,161,16,0,0,284,0,84,384,2416
2020,Spain,ESP,Canada,CAN,0,0,0,0,0,0,0,0,0,0,0,0,0,0,39
2020,Serbia and Kosovo: S/RES/1244 (1999),SRB,Canada,CAN,0,0,0,0,0,23,23,0,0,0,0,0,18,18,246
2020,Viet Nam,VNM,Canada,CAN,0,0,0,25,0,15,40,0,0,0,34,0,22,56,96
2020,South Sudan,SSD,Canada,CAN,0,0,0,0,0,0,0,0,0,0,0,0,0,0,6
2020,Stateless,XXA,Canada,CAN,0,0,0,28,0,93,121,0,0,0,95,0,73,168,4139
2020,Saint Kitts and Nevis,KNA,Canada,CAN,0,0,0,0,0,0,0,0,0,0,0,0,0,0,44
2020,Sudan,SDN,Canada,CAN,23,35,37,112,0,230,437,59,85,26,271,9,74,524,2325
2020,Slovakia,SVK,Canada,CAN,0,0,0,20,0,57,77,0,0,0,27,0,70,97,1318
2020,Slovenia,SVN,Canada,CAN,0,0,0,0,0,0,0,0,0,0,0,0,0,0,6
2020,Eswatini,SWZ,Canada,CAN,0,0,0,0,0,0,0,0,0,0,0,0,0,0,101
2020,Syrian Arab Rep.,SYR,Canada,CAN,0,0,0,27,0,47,74,17,0,0,64,0,55,136,311
2020,United Rep. of Tanzania,TZA,Canada,CAN,0,0,0,57,0,27,84,0,0,0,70,0,29,99,298
2020,Tajikistan,TJK,Canada,CAN,0,0,0,0,0,0,0,0,0,0,0,0,0,0,33
2020,Turkmenistan,TKM,Canada,CAN,0,0,0,0,0,0,0,0,0,0,0,0,0,0,22
2020,Timor-Leste,TLS,Canada,CAN,0,0,0,0,0,0,0,0,0,0,0,0,0,0,5
2020,Togo,TGO,Canada,CAN,0,0,0,23,0,12,35,0,0,0,51,0,18,69,183
2020,Trinidad and Tobago,TTO,Canada,CAN,0,0,0,0,0,18,18,0,0,0,0,0,29,29,113
2020,Tunisia,TUN,Canada,CAN,0,0,0,34,0,20,54,0,0,0,61,0,31,92,310
2020,T端rkiye,TUR,Canada,CAN,29,56,26,405,0,56,572,0,67,66,840,0,77,1050,7361
2020,United Arab Emirates,ARE,Canada,CAN,0,0,0,0,0,0,0,0,0,0,0,0,0,0,24
2020,Uganda,UGA,Canada,CAN,0,0,0,73,0,366,439,0,0,0,298,0,90,388,1306
2020,Unknown ,UNK,Canada,CAN,253,485,377,4019,77,340,5551,259,569,462,4988,183,33,6494,15959
2020,Ukraine,UKR,Canada,CAN,0,0,0,0,0,107,107,0,0,0,109,0,46,155,1395
2020,United States of America,USA,Canada,CAN,588,190,63,24,0,86,951,627,242,67,30,0,27,993,1944
2020,Uzbekistan,UZB,Canada,CAN,0,0,0,0,0,0,0,0,0,0,0,0,0,0,139
2020,Saint Vincent and the Grenadines,VCT,Canada,CAN,0,0,0,0,0,0,0,0,0,0,0,0,0,0,666
2020,Venezuela (Bolivarian Republic of),VEN,Canada,CAN,23,75,39,482,76,168,863,23,79,29,398,109,44,682,4524
2020,Yemen,YEM,Canada,CAN,0,0,0,29,0,71,100,0,0,0,273,0,63,336,2133
2020,Zambia,ZMB,Canada,CAN,0,0,0,0,0,0,0,0,0,0,0,0,0,0,28
2020,Zimbabwe,ZWE,Canada,CAN,0,0,0,178,0,77,255,0,0,0,138,0,44,182,963
2021,Afghanistan,AFG,Canada,CAN,25,65,28,205,38,43,404,29,45,29,433,35,39,610,2662
2021,Albania,ALB,Canada,CAN,5,14,10,73,0,8,110,10,8,14,182,5,22,241,932
2021,Algeria,DZA,Canada,CAN,26,49,39,286,0,34,434,29,69,51,492,5,37,683,1487
2021,Angola,AGO,Canada,CAN,36,103,67,333,0,20,559,54,115,52,388,5,27,641,1410
2021,Antigua and Barbuda,ATG,Canada,CAN,0,0,0,22,0,0,22,0,0,7,11,0,0,18,127
2021,Egypt,EGY,Canada,CAN,44,101,85,277,71,23,601,18,97,83,390,26,53,667,3674
2021,Argentina,ARG,Canada,CAN,5,5,0,19,0,0,29,0,9,5,30,0,0,44,73
2021,Armenia,ARM,Canada,CAN,0,0,0,0,6,0,6,0,0,0,10,0,0,10,43
2021,Australia,AUS,Canada,CAN,0,7,0,0,0,0,7,0,0,0,0,0,0,0,7
2021,Austria,AUT,Canada,CAN,0,0,0,0,0,0,0,5,0,0,0,0,0,5,5
2021,Azerbaijan,AZE,Canada,CAN,5,11,0,66,5,20,107,5,5,12,104,0,23,149,775
2021,Bahrain,BHR,Canada,CAN,0,0,0,0,0,0,0,5,0,0,10,0,0,15,70
2021,Barbados,BRB,Canada,CAN,5,15,0,60,0,0,80,0,13,5,34,0,0,52,324
2021,Burundi,BDI,Canada,CAN,0,11,40,278,38,32,399,0,13,14,295,17,60,399,3061
2021,Belgium,BEL,Canada,CAN,5,0,0,0,0,0,5,0,0,0,8,0,0,8,22
2021,Benin,BEN,Canada,CAN,0,0,0,23,0,0,23,0,0,0,56,0,0,56,125
2021,Bangladesh,BGD,Canada,CAN,17,69,52,385,38,28,589,16,68,64,871,44,47,1110,2787
2021,Bahamas,BHS,Canada,CAN,27,45,33,233,0,24,362,30,47,33,169,0,20,299,959
2021,Burkina Faso,BFA,Canada,CAN,0,0,6,52,0,0,58,0,0,6,93,0,0,99,233
2021,Belarus,BLR,Canada,CAN,0,0,0,12,0,0,12,0,0,0,13,0,0,13,58
2021,Bolivia (Plurinational State of),BOL,Canada,CAN,0,8,9,10,0,0,27,0,0,5,7,0,0,12,57
2021,Botswana,BWA,Canada,CAN,0,0,0,5,0,0,5,0,0,0,0,0,0,0,76
2021,Brazil,BRA,Canada,CAN,106,20,8,58,0,0,192,120,31,5,91,0,0,247,549
2021,Bosnia and Herzegovina,BIH,Canada,CAN,0,5,0,0,0,0,5,0,0,0,0,0,0,0,5
2021,Bulgaria,BGR,Canada,CAN,0,0,0,18,0,0,18,0,0,0,24,0,0,24,124
2021,Belize,BLZ,Canada,CAN,0,6,0,0,0,0,6,0,0,0,0,0,0,0,25
2021,Cambodia,KHM,Canada,CAN,0,0,0,15,0,0,15,0,0,0,19,5,0,24,63
2021,Central African Rep.,CAF,Canada,CAN,0,0,0,18,0,0,18,0,0,0,19,0,0,19,85
2021,Chad,TCD,Canada,CAN,15,17,17,127,0,26,202,20,26,21,308,0,26,401,1035
2021,China,CHN,Canada,CAN,10,28,33,1031,59,63,1224,27,31,44,1583,60,48,1793,7243
2021,Chile,CHL,Canada,CAN,69,28,13,114,6,0,230,66,30,12,110,0,0,218,505
2021,Cameroon,CMR,Canada,CAN,0,5,11,336,35,29,416,5,5,7,347,15,15,394,1541
2021,Congo,COG,Canada,CAN,10,6,5,63,8,0,92,0,15,0,95,0,0,110,446
2021,Dem. Rep. of the Congo,COD,Canada,CAN,63,133,66,796,76,58,1192,47,112,47,876,41,40,1163,2963
2021,Comoros,COM,Canada,CAN,0,0,0,0,0,0,0,0,0,0,5,0,0,5,10
2021,Colombia,COL,Canada,CAN,221,431,335,2166,119,59,3331,216,423,312,2073,61,41,3126,9541
2021,Costa Rica,CRI,Canada,CAN,0,5,6,15,0,0,26,0,9,0,25,0,0,34,65
2021,Cuba,CUB,Canada,CAN,5,0,13,111,16,0,145,0,6,9,214,5,0,234,755
2021,Cabo Verde,CPV,Canada,CAN,0,0,5,0,0,0,5,0,0,0,0,0,0,0,5
2021,Cyprus,CYP,Canada,CAN,0,0,0,0,0,0,0,0,0,0,5,0,0,5,10
2021,Czechia,CZE,Canada,CAN,7,0,7,28,0,0,42,0,13,0,31,0,0,44,390
2021,Denmark,DNK,Canada,CAN,0,0,0,0,0,0,0,0,0,0,8,0,0,8,16
2021,Djibouti,DJI,Canada,CAN,6,10,0,43,5,0,64,0,11,11,67,0,0,89,1190
2021,Dominica,DMA,Canada,CAN,0,0,0,0,0,0,0,0,5,0,0,0,0,5,13
2021,Dominican Rep.,DOM,Canada,CAN,5,13,5,79,0,0,102,0,16,5,76,5,0,102,298
2021,Ecuador,ECU,Canada,CAN,5,14,5,46,0,0,70,5,16,5,50,0,0,76,168
2021,Equatorial Guinea,GNQ,Canada,CAN,0,5,0,0,0,0,5,0,0,0,0,0,0,0,19
2021,Eritrea,ERI,Canada,CAN,5,24,15,132,29,55,260,14,14,10,258,16,41,353,2287
2021,Estonia,EST,Canada,CAN,0,0,0,0,0,0,0,0,0,0,5,0,0,5,11
2021,Ethiopia,ETH,Canada,CAN,26,42,30,396,17,51,562,19,39,28,465,11,73,635,2039
2021,Fiji,FJI,Canada,CAN,0,0,0,0,0,0,0,0,0,0,6,0,0,6,6
2021,Finland,FIN,Canada,CAN,0,0,0,0,0,0,0,0,0,0,0,0,0,0,5
2021,France,FRA,Canada,CAN,0,8,6,17,0,0,31,0,9,0,13,0,0,22,53
2021,Gabon,GAB,Canada,CAN,0,5,0,22,0,0,27,0,5,0,16,0,0,21,80
2021,Gambia,GMB,Canada,CAN,0,0,0,31,0,0,31,0,0,0,78,0,0,78,178
2021,Palestinian,PSE,Canada,CAN,55,100,39,271,26,26,517,39,121,37,438,15,64,714,2616
2021,United Kingdom of Great Britain and Northern Ireland,GBR,Canada,CAN,0,0,0,5,0,0,5,0,5,0,7,0,0,12,17
2021,Georgia,GEO,Canada,CAN,0,0,0,57,0,14,71,0,0,5,224,0,0,229,578
2021,Germany,DEU,Canada,CAN,0,0,0,10,0,0,10,0,0,0,9,0,0,9,19
2021,Ghana,GHA,Canada,CAN,10,9,0,90,0,0,109,0,0,12,274,0,0,286,657
2021,Guinea-Bissau,GNB,Canada,CAN,0,0,0,0,0,0,0,0,0,0,0,0,0,0,5
2021,Greece,GRC,Canada,CAN,0,0,0,0,0,0,0,0,0,5,8,0,0,13,13
2021,Grenada,GRD,Canada,CAN,0,0,0,0,0,0,0,0,0,0,9,0,0,9,19
2021,Guatemala,GTM,Canada,CAN,14,7,5,81,0,21,128,0,5,13,195,0,16,229,595
2021,Guinea,GIN,Canada,CAN,10,20,16,148,0,23,217,12,14,5,209,5,10,255,735
2021,Guyana,GUY,Canada,CAN,0,6,5,32,0,0,43,0,5,10,26,0,0,41,150
2021,Haiti,HTI,Canada,CAN,31,130,96,1920,124,65,2366,35,124,87,1960,52,87,2345,7352
2021,"China, Hong Kong SAR",HKG,Canada,CAN,0,14,0,5,0,0,19,0,7,0,15,0,0,22,41
2021,Honduras,HND,Canada,CAN,21,37,21,144,6,44,273,18,34,19,226,7,26,330,1311
2021,Croatia,HRV,Canada,CAN,0,0,0,9,0,0,9,0,0,0,0,0,0,0,260
2021,Hungary,HUN,Canada,CAN,47,43,24,264,5,58,441,83,72,26,318,10,52,561,4463
2021,Iceland,ISL,Canada,CAN,0,0,0,0,0,0,0,0,0,0,7,0,0,7,12
2021,Cote d'Ivoire,CIV,Canada,CAN,0,5,10,97,0,0,112,0,5,5,123,0,0,133,373
2021,India,IND,Canada,CAN,211,353,187,3210,76,70,4107,258,454,331,5901,119,44,7107,12360
2021,Indonesia,IDN,Canada,CAN,0,0,5,21,0,0,26,0,0,5,28,0,0,33,143
2021,Ireland,IRL,Canada,CAN,0,0,12,5,0,0,17,0,7,0,5,0,0,12,29
2021,Iran (Islamic Rep. of),IRN,Canada,CAN,82,213,218,1990,180,11,2694,60,211,257,1913,114,58,2613,8556
2021,Iraq,IRQ,Canada,CAN,5,8,0,27,20,0,60,0,6,8,66,17,0,97,280
2021,Israel,ISR,Canada,CAN,0,0,0,21,0,0,21,6,0,5,23,0,0,34,158
2021,Italy,ITA,Canada,CAN,6,7,5,21,0,0,39,5,0,5,17,0,0,27,71
2021,Jamaica,JAM,Canada,CAN,12,9,11,199,7,16,254,8,9,12,280,5,5,319,1214
2021,Jordan,JOR,Canada,CAN,13,45,24,198,11,36,327,15,52,46,379,0,30,522,1065
2021,Japan,JPN,Canada,CAN,0,0,0,5,0,0,5,0,0,0,0,0,0,0,5
2021,Kazakhstan,KAZ,Canada,CAN,0,5,0,20,5,0,30,0,6,0,39,0,0,45,203
2021,Kenya,KEN,Canada,CAN,0,7,12,277,0,25,321,0,7,15,240,5,17,284,611
2021,Kyrgyzstan,KGZ,Canada,CAN,0,0,0,10,0,0,10,0,0,0,6,0,0,6,75
2021,Rep. of Korea,KOR,Canada,CAN,0,5,5,7,0,0,17,0,0,5,12,0,0,17,62
2021,Dem. People's Rep. of Korea,PRK,Canada,CAN,0,0,0,11,0,0,11,0,0,0,6,0,0,6,272
2021,Kuwait,KWT,Canada,CAN,0,7,0,11,0,0,18,0,0,7,32,0,0,39,71
2021,Lao People's Dem. Rep.,LAO,Canada,CAN,0,0,0,0,0,0,0,0,0,0,0,0,0,0,5
2021,Liberia,LBR,Canada,CAN,0,5,0,56,0,0,61,0,0,6,104,0,0,110,171
2021,Libya,LBY,Canada,CAN,8,26,11,109,0,30,184,11,26,5,225,5,42,314,2004
2021,Saint Lucia,LCA,Canada,CAN,0,0,5,16,0,0,21,0,0,5,6,0,0,11,442
2021,Lebanon,LBN,Canada,CAN,25,46,31,286,55,20,463,23,76,54,303,40,31,527,1540
2021,Lesotho,LSO,Canada,CAN,0,0,0,0,0,0,0,0,0,0,5,0,0,5,5
2021,Sri Lanka,LKA,Canada,CAN,5,18,24,168,52,39,306,15,27,21,1110,35,47,1255,3080
2021,Lithuania,LTU,Canada,CAN,0,0,7,0,0,0,7,0,0,0,0,0,0,0,25
2021,Latvia,LVA,Canada,CAN,0,0,0,10,0,0,10,0,0,0,0,0,0,0,53
2021,Madagascar,MDG,Canada,CAN,0,0,0,10,0,0,10,0,5,0,14,0,0,19,40
2021,Mauritania,MRT,Canada,CAN,10,0,0,35,0,0,45,5,10,5,133,5,0,158,334
2021,North Macedonia,MKD,Canada,CAN,0,0,0,0,0,0,0,0,0,0,5,0,0,5,13
2021,Rep. of Moldova,MDA,Canada,CAN,0,0,0,6,0,0,6,0,0,0,7,0,0,7,52
2021,Mexico,MEX,Canada,CAN,229,426,283,2595,37,33,3603,267,411,287,3809,23,41,4838,9821
2021,Mali,MLI,Canada,CAN,0,0,5,53,0,0,58,0,0,7,127,0,0,134,383
2021,Malaysia,MYS,Canada,CAN,0,0,5,7,0,0,12,0,0,0,8,0,0,8,20
2021,Malawi,MWI,Canada,CAN,0,10,0,31,0,0,41,0,0,0,30,0,0,30,71
2021,Mongolia,MNG,Canada,CAN,0,0,10,19,0,0,29,0,5,0,19,0,0,24,173
2021,Morocco,MAR,Canada,CAN,0,13,6,73,5,0,97,10,6,5,78,0,0,99,315
2021,Malta,MLT,Canada,CAN,0,0,0,0,0,0,0,0,0,0,0,0,0,0,7
2021,Mauritius,MUS,Canada,CAN,0,0,0,7,0,0,7,0,0,0,9,0,0,9,29
2021,Myanmar,MMR,Canada,CAN,0,0,0,11,0,0,11,0,0,0,15,5,0,20,31
2021,Namibia,NAM,Canada,CAN,0,0,0,11,0,0,11,0,0,0,8,0,0,8,239
2021,Nepal,NPL,Canada,CAN,0,0,0,25,0,0,25,0,5,0,59,0,0,64,114
2021,Netherlands (Kingdom of the),NLD,Canada,CAN,0,0,6,0,0,0,6,0,0,0,5,0,0,5,21
2021,Niger,NER,Canada,CAN,0,0,7,33,0,0,40,0,0,6,45,0,0,51,137
2021,Nicaragua,NIC,Canada,CAN,18,26,24,221,5,38,332,27,32,17,248,5,40,369,875
2021,Nigeria,NGA,Canada,CAN,313,864,422,2855,55,69,4578,280,909,416,2530,51,44,4230,14019
2021,Norway,NOR,Canada,CAN,0,0,0,0,0,0,0,0,0,0,7,0,0,7,7
2021,Pakistan,PAK,Canada,CAN,99,217,169,822,121,65,1493,118,250,187,1657,125,16,2353,8660
2021,Panama,PAN,Canada,CAN,9,0,0,0,0,0,9,0,5,0,5,0,0,10,38
2021,Paraguay,PRY,Canada,CAN,0,0,0,6,0,0,6,0,0,0,0,0,0,0,15
2021,Peru,PER,Canada,CAN,14,26,17,121,6,0,184,10,25,33,116,0,0,184,465
2021,Philippines,PHL,Canada,CAN,0,5,0,75,0,0,80,0,11,0,121,0,0,132,235
2021,Papua New Guinea,PNG,Canada,CAN,0,0,0,0,0,0,0,0,0,0,0,0,0,0,5
2021,Poland,POL,Canada,CAN,7,6,6,21,5,0,45,5,5,5,34,5,0,54,160
2021,Portugal,PRT,Canada,CAN,0,8,0,5,0,0,13,0,0,0,13,0,0,13,31
2021,Qatar,QAT,Canada,CAN,0,0,0,0,0,0,0,0,0,0,0,0,0,0,5
2021,Romania,ROU,Canada,CAN,12,30,11,142,0,33,228,16,25,31,156,0,29,257,812
2021,South Africa,ZAF,Canada,CAN,9,28,6,37,0,0,80,6,9,7,19,0,0,41,187
2021,Russian Federation,RUS,Canada,CAN,0,16,6,56,10,21,109,0,17,0,89,5,12,123,756
2021,Rwanda,RWA,Canada,CAN,14,18,18,339,18,25,432,11,19,29,378,5,18,460,1417
2021,El Salvador,SLV,Canada,CAN,19,41,24,239,16,22,361,27,47,41,278,10,25,428,2035
2021,Saudi Arabia,SAU,Canada,CAN,5,13,5,62,0,25,110,10,10,18,136,0,14,188,622
2021,Senegal,SEN,Canada,CAN,0,0,5,66,0,0,71,0,7,0,194,10,0,211,477
2021,Seychelles,SYC,Canada,CAN,0,0,0,0,0,0,0,0,0,0,0,0,0,0,5
2021,Singapore,SGP,Canada,CAN,0,0,0,0,0,0,0,0,0,0,0,0,0,0,10
2021,Sierra Leone,SLE,Canada,CAN,0,0,5,24,0,0,29,0,0,0,45,0,0,45,89
2021,Somalia,SOM,Canada,CAN,11,13,5,111,8,31,179,33,12,10,356,5,22,438,1844
2021,Spain,ESP,Canada,CAN,0,0,0,5,5,0,10,0,0,9,17,0,0,26,47
2021,Serbia and Kosovo: S/RES/1244 (1999),SRB,Canada,CAN,0,5,6,22,0,0,33,0,0,0,25,5,0,30,222
2021,Viet Nam,VNM,Canada,CAN,0,0,9,61,5,0,75,0,6,7,71,0,0,84,189
2021,South Sudan,SSD,Canada,CAN,7,0,0,8,0,0,15,0,0,0,12,0,0,12,33
2021,Stateless,XXA,Canada,CAN,10,26,12,59,8,48,163,5,17,13,132,6,40,213,4288
2021,Saint Kitts and Nevis,KNA,Canada,CAN,0,0,0,0,0,0,0,0,0,0,6,0,0,6,42
2021,Sudan,SDN,Canada,CAN,27,40,42,163,10,202,484,62,89,33,330,25,36,575,2384
2021,Suriname,SUR,Canada,CAN,0,0,0,5,0,0,5,0,0,0,0,0,0,0,5
2021,Slovakia,SVK,Canada,CAN,9,11,5,42,0,15,82,15,13,0,54,0,21,103,1326
2021,Slovenia,SVN,Canada,CAN,0,0,0,0,0,0,0,0,5,0,0,0,0,5,11
2021,Eswatini,SWZ,Canada,CAN,0,0,5,0,0,0,5,0,0,0,0,0,0,0,70
2021,Syrian Arab Rep.,SYR,Canada,CAN,0,16,12,72,37,0,137,22,22,10,125,18,0,197,354
2021,United Rep. of Tanzania,TZA,Canada,CAN,0,6,0,77,0,0,83,6,5,5,89,0,0,105,280
2021,Thailand,THA,Canada,CAN,0,0,0,0,0,0,0,0,0,0,5,0,0,5,5
2021,Tajikistan,TJK,Canada,CAN,0,6,0,0,0,0,6,0,0,0,12,0,0,12,47
2021,Turkmenistan,TKM,Canada,CAN,0,0,0,0,0,0,0,0,0,0,7,0,0,7,29
2021,Timor-Leste,TLS,Canada,CAN,0,0,0,0,0,0,0,0,0,0,0,0,0,0,5
2021,Togo,TGO,Canada,CAN,0,0,0,38,0,0,38,0,0,0,75,0,0,75,182
2021,Trinidad and Tobago,TTO,Canada,CAN,0,5,0,13,0,0,18,0,11,0,26,0,0,37,88
2021,Tunisia,TUN,Canada,CAN,0,6,8,46,0,0,60,5,10,10,103,0,0,128,334
2021,T端rkiye,TUR,Canada,CAN,47,81,46,575,6,37,792,41,91,107,1402,10,40,1691,8013
2021,United Arab Emirates,ARE,Canada,CAN,0,0,9,0,0,0,9,0,5,5,8,0,0,18,41
2021,Uganda,UGA,Canada,CAN,12,27,7,365,0,22,433,9,12,5,345,0,23,394,1241
2021,Unknown ,UNK,Canada,CAN,266,573,475,6033,612,0,7959,268,628,585,7810,393,0,9684,20032
2021,Ukraine,UKR,Canada,CAN,0,14,0,65,10,29,118,0,5,10,134,0,22,171,1326
2021,Uruguay,URY,Canada,CAN,0,0,0,9,0,0,9,0,5,0,9,0,0,14,23
2021,United States of America,USA,Canada,CAN,322,136,53,35,5,0,551,293,157,51,52,0,0,553,1109
2021,Uzbekistan,UZB,Canada,CAN,0,0,0,6,0,0,6,0,0,0,5,0,0,5,127
2021,Saint Vincent and the Grenadines,VCT,Canada,CAN,0,0,0,23,5,0,28,0,0,0,15,0,0,15,421
2021,Venezuela (Bolivarian Republic of),VEN,Canada,CAN,26,85,54,626,289,27,1107,23,98,52,531,151,26,881,4856
2021,Yemen,YEM,Canada,CAN,0,16,5,71,0,31,123,6,11,19,327,0,29,392,2203
2021,Zambia,ZMB,Canada,CAN,0,0,0,6,0,0,6,0,0,0,5,0,0,5,18
2021,Zimbabwe,ZWE,Canada,CAN,0,8,14,215,12,16,265,5,13,0,161,0,15,194,732
2022,Afghanistan,AFG,Canada,CAN,51,79,74,332,80,0,616,45,86,74,600,67,0,872,2016
2022,Albania,ALB,Canada,CAN,0,18,17,110,0,0,145,0,20,14,188,10,0,232,467
2022,Algeria,DZA,Canada,CAN,14,74,56,361,12,0,517,16,68,63,568,13,0,728,1390
2022,Angola,AGO,Canada,CAN,19,116,96,412,5,0,648,26,124,99,476,5,0,730,1769
2022,Antigua and Barbuda,ATG,Canada,CAN,0,0,5,25,0,0,30,0,6,8,18,0,0,32,62
2022,Egypt,EGY,Canada,CAN,18,77,72,292,126,0,585,7,61,87,423,81,0,659,1283
2022,Argentina,ARG,Canada,CAN,6,9,0,22,0,0,37,0,5,12,28,0,0,45,94
2022,Armenia,ARM,Canada,CAN,0,0,0,15,6,0,21,0,0,0,8,5,0,13,39
2022,Australia,AUS,Canada,CAN,0,0,0,0,0,0,0,0,0,0,5,0,0,5,5
2022,Austria,AUT,Canada,CAN,0,5,0,0,0,0,5,0,0,0,0,0,0,0,5
2022,Azerbaijan,AZE,Canada,CAN,0,5,11,51,5,0,72,0,6,8,102,0,0,116,225
2022,Bahrain,BHR,Canada,CAN,0,0,0,5,0,0,5,0,0,0,19,0,0,19,24
2022,Barbados,BRB,Canada,CAN,6,22,30,183,0,0,241,5,19,16,91,0,0,131,418
2022,Burundi,BDI,Canada,CAN,0,25,33,404,72,0,534,5,15,38,408,48,0,514,1127
2022,Belgium,BEL,Canada,CAN,0,0,0,5,0,0,5,0,0,5,0,0,0,5,26
2022,Benin,BEN,Canada,CAN,0,0,0,29,5,0,34,0,0,0,71,0,0,71,116
2022,Bangladesh,BGD,Canada,CAN,9,62,85,540,84,0,780,6,71,111,1023,72,0,1283,2287
2022,Bahamas,BHS,Canada,CAN,44,122,70,494,7,0,737,45,105,62,320,0,0,532,1391
2022,Bhutan,BTN,Canada,CAN,0,0,0,0,0,0,0,0,0,0,5,0,0,5,5
2022,Burkina Faso,BFA,Canada,CAN,0,5,5,67,0,0,77,0,0,5,104,0,0,109,232
2022,Belarus,BLR,Canada,CAN,0,0,5,21,0,0,26,0,0,0,17,0,0,17,43
2022,Bolivia (Plurinational State of),BOL,Canada,CAN,0,8,5,21,0,0,34,0,0,0,22,5,0,27,70
2022,Botswana,BWA,Canada,CAN,0,0,0,13,0,0,13,0,0,0,0,0,0,0,13
2022,Brazil,BRA,Canada,CAN,306,120,13,93,0,0,532,318,108,19,129,0,0,574,1605
2022,Bosnia and Herzegovina,BIH,Canada,CAN,0,0,0,6,0,0,6,0,0,0,0,0,0,0,6
2022,Bulgaria,BGR,Canada,CAN,0,0,7,25,0,0,32,0,14,0,39,0,0,53,93
2022,Belize,BLZ,Canada,CAN,0,0,0,0,0,0,0,0,5,0,0,0,0,5,5
2022,Cambodia,KHM,Canada,CAN,0,0,0,14,5,0,19,0,0,0,16,0,0,16,35
2022,Central African Rep.,CAF,Canada,CAN,0,0,0,27,0,0,27,0,0,0,26,0,0,26,62
2022,Chad,TCD,Canada,CAN,6,33,20,162,5,0,226,5,38,30,449,5,0,527,874
2022,China,CHN,Canada,CAN,10,43,53,1258,143,0,1507,10,52,59,1546,85,0,1752,3457
2022,Chile,CHL,Canada,CAN,436,104,33,208,8,0,789,490,106,26,194,5,0,821,2023
2022,Cameroon,CMR,Canada,CAN,0,21,5,432,84,0,542,5,0,19,424,31,0,479,1204
2022,Congo,COG,Canada,CAN,5,12,12,114,12,0,155,5,7,12,161,0,0,185,446
2022,Dem. Rep. of the Congo,COD,Canada,CAN,36,133,112,1072,142,0,1495,36,121,77,1150,65,0,1449,3366
2022,Comoros,COM,Canada,CAN,0,0,0,0,0,0,0,0,0,0,5,0,0,5,5
2022,Colombia,COL,Canada,CAN,229,672,573,3542,195,0,5211,258,689,516,3424,107,0,4994,13297
2022,Costa Rica,CRI,Canada,CAN,0,0,9,12,0,0,21,8,13,0,18,0,0,39,84
2022,Cuba,CUB,Canada,CAN,8,13,13,236,41,0,311,6,14,10,368,17,0,415,979
2022,Cabo Verde,CPV,Canada,CAN,0,0,0,0,0,0,0,0,0,0,5,0,0,5,5
2022,Cyprus,CYP,Canada,CAN,0,0,0,0,0,0,0,0,0,0,6,0,0,6,6
2022,Czechia,CZE,Canada,CAN,6,16,16,70,10,0,118,5,31,10,97,5,0,148,315
2022,Denmark,DNK,Canada,CAN,0,0,0,0,0,0,0,0,0,0,0,0,0,0,9
2022,Djibouti,DJI,Canada,CAN,0,24,5,77,5,0,111,0,0,10,102,0,0,112,239
2022,Dominica,DMA,Canada,CAN,0,5,0,5,0,0,10,0,0,0,0,0,0,0,10
2022,Dominican Rep.,DOM,Canada,CAN,0,12,6,104,0,0,122,5,12,13,108,0,0,138,314
2022,Ecuador,ECU,Canada,CAN,6,14,10,70,5,0,105,7,12,18,79,0,0,116,274
2022,Equatorial Guinea,GNQ,Canada,CAN,0,0,6,0,0,0,6,0,0,0,0,0,0,0,13
2022,Eritrea,ERI,Canada,CAN,5,16,16,159,57,0,253,5,11,16,335,50,0,417,759
2022,Ethiopia,ETH,Canada,CAN,12,69,49,536,46,0,712,11,67,48,621,23,0,770,1617
2022,Fiji,FJI,Canada,CAN,0,0,0,0,0,0,0,0,5,0,11,0,0,16,23
2022,France,FRA,Canada,CAN,5,10,5,11,0,0,31,6,10,0,11,0,0,27,96
2022,Gabon,GAB,Canada,CAN,0,0,5,22,0,0,27,0,5,0,29,0,0,34,70
2022,Gambia,GMB,Canada,CAN,0,5,0,43,0,0,48,0,0,0,96,0,0,96,165
2022,Palestinian,PSE,Canada,CAN,19,60,60,213,39,0,391,24,66,57,389,41,0,577,997
2022,United Kingdom of Great Britain and Northern Ireland,GBR,Canada,CAN,0,0,5,0,0,0,5,0,6,0,0,0,0,6,65
2022,Georgia,GEO,Canada,CAN,0,0,0,81,11,0,92,0,6,0,269,0,0,275,529
2022,Germany,DEU,Canada,CAN,0,0,7,10,0,0,17,0,7,0,0,0,0,7,47
2022,Ghana,GHA,Canada,CAN,5,22,7,148,5,0,187,6,6,5,358,10,0,385,809
2022,Guinea-Bissau,GNB,Canada,CAN,0,0,0,0,0,0,0,0,0,0,13,0,0,13,18
2022,Greece,GRC,Canada,CAN,0,0,0,11,0,0,11,0,5,0,6,0,0,11,31
2022,Grenada,GRD,Canada,CAN,0,0,0,7,0,0,7,0,0,0,11,0,0,11,18
2022,Guatemala,GTM,Canada,CAN,5,16,7,118,0,0,146,0,5,21,323,0,0,349,522
2022,Guinea,GIN,Canada,CAN,0,15,28,208,12,0,263,0,15,17,230,5,0,267,618
2022,Guyana,GUY,Canada,CAN,5,0,5,38,0,0,48,6,0,6,23,0,0,35,106
2022,Haiti,HTI,Canada,CAN,71,253,262,4656,278,0,5520,79,279,215,4877,100,0,5550,14798
2022,"China, Hong Kong SAR",HKG,Canada,CAN,0,11,10,41,0,0,62,0,0,24,54,0,0,78,165
2022,Honduras,HND,Canada,CAN,11,55,38,201,5,0,310,9,48,32,247,15,0,351,736
2022,Croatia,HRV,Canada,CAN,0,0,5,20,0,0,25,0,0,0,16,0,0,16,41
2022,Hungary,HUN,Canada,CAN,30,110,94,614,62,0,910,24,103,106,642,39,0,914,2413
2022,Iceland,ISL,Canada,CAN,0,0,0,0,0,0,0,0,0,0,8,0,0,8,8
2022,Cote d'Ivoire,CIV,Canada,CAN,0,17,0,149,5,0,171,0,7,7,135,5,0,154,379
2022,India,IND,Canada,CAN,59,406,264,3781,164,0,4674,96,524,384,6527,238,0,7769,13878
2022,Indonesia,IDN,Canada,CAN,0,0,11,22,0,0,33,0,10,0,47,0,0,57,100
2022,Ireland,IRL,Canada,CAN,0,5,0,11,0,0,16,0,5,0,5,0,0,10,32
2022,Iran (Islamic Rep. of),IRN,Canada,CAN,61,289,345,3768,506,0,4969,49,338,370,3333,326,0,4416,9790
2022,Iraq,IRQ,Canada,CAN,5,29,24,158,96,0,312,0,37,34,305,71,0,447,818
2022,Israel,ISR,Canada,CAN,5,11,0,25,0,0,41,6,8,0,33,0,0,47,109
2022,Italy,ITA,Canada,CAN,5,11,10,37,0,0,63,8,12,15,20,5,0,60,134
2022,Jamaica,JAM,Canada,CAN,5,16,14,291,7,0,333,0,17,13,311,0,0,341,812
2022,Jordan,JOR,Canada,CAN,19,52,60,262,20,0,413,13,59,68,685,15,0,840,1342
2022,Japan,JPN,Canada,CAN,0,6,0,0,0,0,6,0,0,0,0,0,0,0,11
2022,Kazakhstan,KAZ,Canada,CAN,0,0,0,32,5,0,37,0,5,0,31,0,0,36,81
2022,Kenya,KEN,Canada,CAN,0,18,9,395,7,0,429,0,8,6,324,10,0,348,884
2022,Kyrgyzstan,KGZ,Canada,CAN,0,0,0,0,0,0,0,0,0,0,14,0,0,14,14
2022,Rep. of Korea,KOR,Canada,CAN,0,0,0,14,0,0,14,0,0,0,13,0,0,13,36
2022,Dem. People's Rep. of Korea,PRK,Canada,CAN,0,0,5,13,0,0,18,0,0,5,10,0,0,15,49
2022,Kuwait,KWT,Canada,CAN,0,5,5,5,0,0,15,0,0,0,23,0,0,23,43
2022,Liberia,LBR,Canada,CAN,0,0,5,52,0,0,57,0,0,5,106,0,0,111,200
2022,Libya,LBY,Canada,CAN,5,35,24,105,5,0,174,9,31,18,263,5,0,326,519
2022,Saint Lucia,LCA,Canada,CAN,0,5,0,27,0,0,32,0,0,0,32,0,0,32,76
2022,Lebanon,LBN,Canada,CAN,15,74,59,450,110,0,708,16,74,103,492,90,0,775,1568
2022,Sri Lanka,LKA,Canada,CAN,13,40,62,402,144,0,661,13,58,52,1547,86,0,1756,2797
2022,Lithuania,LTU,Canada,CAN,0,0,0,5,0,0,5,0,0,0,5,0,0,5,10
2022,Latvia,LVA,Canada,CAN,0,0,0,5,0,0,5,0,0,0,10,0,0,10,15
2022,Madagascar,MDG,Canada,CAN,0,0,0,18,0,0,18,0,0,0,15,0,0,15,33
2022,Mauritania,MRT,Canada,CAN,0,16,0,59,0,0,75,0,14,8,149,6,0,177,270
2022,North Macedonia,MKD,Canada,CAN,0,0,0,5,0,0,5,0,0,0,0,0,0,0,11
2022,Rep. of Moldova,MDA,Canada,CAN,0,0,5,9,0,0,14,0,0,0,7,0,0,7,21
2022,Mexico,MEX,Canada,CAN,311,686,485,4670,65,0,6217,341,693,475,6560,67,0,8136,23916
2022,Mali,MLI,Canada,CAN,0,0,10,71,0,0,81,0,5,5,148,10,0,168,281
2022,Malaysia,MYS,Canada,CAN,0,0,5,19,0,0,24,0,0,0,13,0,0,13,46
2022,Malawi,MWI,Canada,CAN,0,5,0,53,0,0,58,0,0,5,30,0,0,35,101
2022,Montenegro,MNE,Canada,CAN,0,0,0,0,0,0,0,0,0,0,0,0,0,0,8
2022,Mongolia,MNG,Canada,CAN,0,8,6,29,0,0,43,0,5,0,32,0,0,37,92
2022,Morocco,MAR,Canada,CAN,0,14,5,108,7,0,134,5,11,12,73,5,0,106,279
2022,Mozambique,MOZ,Canada,CAN,0,0,7,0,0,0,7,0,0,0,0,0,0,0,12
2022,Malta,MLT,Canada,CAN,0,0,0,0,0,0,0,0,0,0,0,0,0,0,5
2022,Mauritius,MUS,Canada,CAN,0,0,0,18,0,0,18,0,0,0,9,0,0,9,27
2022,Myanmar,MMR,Canada,CAN,0,0,5,40,5,0,50,0,0,0,35,10,0,45,95
2022,Namibia,NAM,Canada,CAN,0,0,5,29,0,0,34,0,5,0,12,0,0,17,103
2022,Nepal,NPL,Canada,CAN,0,0,14,109,5,0,128,0,0,14,217,5,0,236,434
2022,Netherlands (Kingdom of the),NLD,Canada,CAN,0,0,6,10,0,0,16,0,5,0,5,0,0,10,50
2022,Niger,NER,Canada,CAN,0,5,0,28,0,0,33,0,0,5,46,0,0,51,90
2022,Nicaragua,NIC,Canada,CAN,8,41,40,300,5,0,394,14,71,31,373,5,0,494,1153
2022,Nigeria,NGA,Canada,CAN,43,422,343,2014,124,0,2946,40,402,315,2067,74,0,2898,6930
2022,Norway,NOR,Canada,CAN,0,0,0,0,0,0,0,0,0,0,5,0,0,5,10
2022,Oman,OMN,Canada,CAN,0,5,0,0,0,0,5,0,0,8,0,0,0,8,13
2022,Pakistan,PAK,Canada,CAN,79,253,211,1074,232,0,1849,66,214,236,1906,214,0,2636,5436
2022,Panama,PAN,Canada,CAN,5,5,0,6,0,0,16,9,0,0,12,0,0,21,58
2022,Paraguay,PRY,Canada,CAN,0,0,7,0,0,0,7,0,0,8,0,0,0,8,15
2022,Peru,PER,Canada,CAN,25,44,49,264,17,0,399,15,59,43,239,11,0,367,1298
2022,Philippines,PHL,Canada,CAN,0,5,0,68,6,0,79,0,6,0,66,5,0,77,210
2022,Papua New Guinea,PNG,Canada,CAN,0,0,0,0,0,0,0,0,0,0,0,0,0,0,6
2022,Poland,POL,Canada,CAN,5,11,14,66,12,0,108,0,10,12,61,6,0,89,206
2022,Portugal,PRT,Canada,CAN,0,6,10,13,0,0,29,0,6,0,6,0,0,12,71
2022,Qatar,QAT,Canada,CAN,0,0,0,0,0,0,0,0,0,0,0,0,0,0,10
2022,Romania,ROU,Canada,CAN,28,62,55,369,5,0,519,36,79,50,414,10,0,589,1628
2022,South Africa,ZAF,Canada,CAN,5,39,16,89,0,0,149,9,20,16,33,0,0,78,321
2022,Russian Federation,RUS,Canada,CAN,9,19,5,99,17,0,149,0,15,12,147,10,0,184,446
2022,Rwanda,RWA,Canada,CAN,6,20,34,499,31,0,590,5,22,29,532,10,0,598,1266
2022,El Salvador,SLV,Canada,CAN,8,41,57,310,23,0,439,9,67,41,373,14,0,504,999
2022,Saudi Arabia,SAU,Canada,CAN,5,11,10,102,0,0,128,5,11,10,145,0,0,171,336
2022,Senegal,SEN,Canada,CAN,0,0,5,94,0,0,99,0,12,5,243,0,0,260,506
2022,Singapore,SGP,Canada,CAN,0,0,5,0,0,0,5,0,0,0,0,0,0,0,5
2022,Sierra Leone,SLE,Canada,CAN,0,5,10,35,0,0,50,0,5,0,42,0,0,47,121
2022,Somalia,SOM,Canada,CAN,5,14,28,210,29,0,286,0,18,25,482,28,0,553,934
2022,Spain,ESP,Canada,CAN,0,6,5,5,0,0,16,0,6,5,13,0,0,24,77
2022,Serbia and Kosovo: S/RES/1244 (1999),SRB,Canada,CAN,7,0,8,35,0,0,50,0,0,5,29,5,0,39,104
2022,Viet Nam,VNM,Canada,CAN,0,5,12,138,5,0,160,0,5,12,136,5,0,158,347
2022,South Sudan,SSD,Canada,CAN,0,5,0,13,0,0,18,0,0,0,13,0,0,13,36
2022,Stateless,XXA,Canada,CAN,6,40,25,137,29,0,237,5,23,39,202,19,0,288,4804
2022,Saint Kitts and Nevis,KNA,Canada,CAN,0,0,0,5,0,0,5,0,0,5,5,0,0,10,15
2022,Sudan,SDN,Canada,CAN,22,57,59,252,10,0,400,29,69,64,318,39,0,519,1147
2022,Suriname,SUR,Canada,CAN,0,0,0,0,0,0,0,0,0,0,5,0,0,5,10
2022,Slovakia,SVK,Canada,CAN,13,29,33,147,9,0,231,16,35,27,179,7,0,264,533
2022,Slovenia,SVN,Canada,CAN,0,0,0,0,0,0,0,0,0,0,0,0,0,0,5
2022,Eswatini,SWZ,Canada,CAN,0,0,0,5,0,0,5,0,0,0,5,0,0,5,21
2022,Sweden,SWE,Canada,CAN,0,5,0,7,0,0,12,0,0,0,5,0,0,5,24
2022,Syrian Arab Rep.,SYR,Canada,CAN,7,27,28,199,145,0,406,14,34,35,319,87,0,489,1012
2022,United Rep. of Tanzania,TZA,Canada,CAN,0,5,6,137,0,0,148,0,5,5,139,5,0,154,352
2022,Thailand,THA,Canada,CAN,0,0,5,0,0,0,5,0,0,0,13,0,0,13,28
2022,Tajikistan,TJK,Canada,CAN,0,0,7,8,0,0,15,0,5,0,15,0,0,20,42
2022,Turkmenistan,TKM,Canada,CAN,0,0,0,7,0,0,7,0,0,0,0,0,0,0,7
2022,Togo,TGO,Canada,CAN,0,0,0,51,0,0,51,0,5,0,110,0,0,115,184
2022,Trinidad and Tobago,TTO,Canada,CAN,0,6,9,30,0,0,45,0,9,5,36,0,0,50,125
2022,Tunisia,TUN,Canada,CAN,0,6,12,67,0,0,85,5,10,5,114,0,0,134,240
2022,T端rkiye,TUR,Canada,CAN,147,262,142,1318,32,0,1901,174,293,258,4974,26,0,5725,11278
2022,United Arab Emirates,ARE,Canada,CAN,0,0,8,0,0,0,8,0,8,0,9,0,0,17,50
2022,Uganda,UGA,Canada,CAN,0,20,27,556,10,0,613,0,17,19,550,5,0,591,1385
2022,Unknown ,UNK,Canada,CAN,42,85,62,1029,112,0,1330,37,98,69,1590,83,0,1877,5325
2022,Ukraine,UKR,Canada,CAN,5,18,1395,37907,5276,0,44601,11,14,1554,26743,2217,0,30539,75294
2022,Uruguay,URY,Canada,CAN,0,0,0,8,0,0,8,5,0,6,7,0,0,18,26
2022,United States of America,USA,Canada,CAN,296,174,42,35,0,0,547,332,195,33,40,0,0,600,1632
2022,Uzbekistan,UZB,Canada,CAN,0,0,5,5,5,0,15,0,0,0,30,0,0,30,76
2022,Saint Vincent and the Grenadines,VCT,Canada,CAN,0,0,0,43,5,0,48,0,0,0,32,0,0,32,93
2022,Venezuela (Bolivarian Republic of),VEN,Canada,CAN,12,106,83,750,359,0,1310,16,100,102,792,188,0,1198,3601
2022,Western Sahara,ESH,Canada,CAN,0,0,0,0,0,0,0,0,0,0,5,0,0,5,5
2022,Yemen,YEM,Canada,CAN,5,27,11,134,11,0,188,5,22,27,520,12,0,586,902
2022,Zambia,ZMB,Canada,CAN,0,0,0,25,0,0,25,0,5,0,18,0,0,23,48
2022,Zimbabwe,ZWE,Canada,CAN,8,18,13,263,11,0,313,5,15,13,252,5,0,290,871
